16-Nov-2023 09:19:00,-41.4926235116223,-13.8486202093956,47.7714373693733,17.8617153991497
16-Nov-2023 09:21:00,-40.6135135995223,-13.548905471244,47.7714400666555,17.8617271707412
16-Nov-2023 09:23:00,-40.6907024493282,-8.3111637385854,47.7714872037005,17.8617261371553
16-Nov-2023 09:25:00,-34.8706260600712,1.44322236605844,47.7715749882765,17.8618040700291
16-Nov-2023 09:27:00,-29.7744198568678,6.78972513338831,47.7716231041162,17.861872310026
16-Nov-2023 09:31:00,-25.6526321852629,8.6146265964673,47.7716395273128,17.8619275022154
16-Nov-2023 09:33:00,-24.9222301152989,7.91297885816575,47.7716332128356,17.8619372825565
16-Nov-2023 09:35:00,-25.7047095711199,7.92548392568953,47.7716333253749,17.8619268048808
16-Nov-2023 09:37:00,-24.8414728760038,9.98419360191174,47.771651852728,17.8619383639244
16-Nov-2023 09:39:00,-25.5000435139056,10.49838609804,47.7716564802023,17.8619295454314
16-Nov-2023 09:41:00,-25.1313602136559,10.1017230290328,47.7716529104339,17.8619344822308
16-Nov-2023 09:43:00,-25.4977029660192,10.4942999367545,47.7716564434289,17.8619295767722
16-Nov-2023 09:45:00,-25.3155073207554,10.6661037613378,47.771657989577,17.8619320164361
16-Nov-2023 09:47:00,-26.666552059819,12.0292056378388,47.7716702568093,17.861913925471
16-Nov-2023 09:49:00,-26.3323227236539,10.0827290752737,47.7716527394978,17.8619184009195
16-Nov-2023 09:51:00,-24.9486560259281,9.55092169393113,47.7716479534985,17.8619369287042
16-Nov-2023 09:53:00,-25.4176732998519,10.9618340420371,47.771660651001,17.8619306483976
16-Nov-2023 09:55:00,-25.1375188380505,10.1092950698555,47.7716529785784,17.8619343997646
16-Nov-2023 09:57:00,-25.694511745295,10.3322531747729,47.7716549850894,17.8619269414333
16-Nov-2023 09:59:00,-24.7726320466113,9.01699033363062,47.7716431483844,17.8619392857273
16-Nov-2023 10:01:00,-24.7736805306714,9.01688230638453,47.7716431474122,17.8619392716878
16-Nov-2023 10:03:00,-25.4203908558345,10.9609013464152,47.7716606426072,17.8619306120086
16-Nov-2023 10:07:00,-24.2730232608181,7.49426223884808,47.7716294445963,17.861945975665
16-Nov-2023 10:09:00,-27.1029270466379,9.36192683704381,47.7716462526397,17.8619080822561
16-Nov-2023 10:11:00,-25.2217799241121,7.10519960086474,47.771625943228,17.861933271479
16-Nov-2023 10:13:00,-25.2325470202566,8.01877901344454,47.7716341649838,17.8619331273038
16-Nov-2023 10:15:00,-28.1559918408619,8.68666470496513,47.7716401756196,17.8618939813474
16-Nov-2023 10:17:00,-24.8947958781855,8.59432832585001,47.7716393446386,17.8619376499106
16-Nov-2023 10:21:00,-26.102847329251,9.2517072135238,47.7716452607184,17.8619214736759
16-Nov-2023 10:25:00,-36.5172565865541,-1.22862972569654,47.7715509429495,17.8617820210661
16-Nov-2023 10:29:00,-36.5725622587241,-2.15103212754263,47.7715426417912,17.8617812805036
16-Nov-2023 10:33:00,-36.4154823151881,-4.91450603924287,47.7715177719139,17.8617833838594
16-Nov-2023 10:37:00,-36.3982816506529,-4.60914464842131,47.771520520013,17.8617836141824
16-Nov-2023 10:41:00,-36.4117847510037,-4.91400702892199,47.7715177764047,17.8617834333711
16-Nov-2023 10:45:00,-36.3743616192254,-4.28716556475579,47.7715234176631,17.86178393448
16-Nov-2023 10:49:00,-36.6888838417144,-4.01549420254551,47.7715258625689,17.8617797229167
16-Nov-2023 10:53:00,-36.3932942856113,-4.59818756789495,47.7715206186212,17.861783680965
16-Nov-2023 10:57:00,-36.372032971041,-4.28431660520541,47.7715234433023,17.8617839656615
16-Nov-2023 11:01:00,-36.3824003796851,-4.59874655548836,47.7715206135906,17.8617838268382
16-Nov-2023 11:05:00,-36.3671934271138,-4.28825135090672,47.7715234078915,17.8617840304647
16-Nov-2023 11:09:00,-36.3691935761636,-4.29814131644011,47.7715233188868,17.861784003682
16-Nov-2023 11:13:00,-36.3668284739568,-4.29464391060551,47.7715233503617,17.8617840353515
16-Nov-2023 11:17:00,-37.3684042147925,-4.09778613083982,47.7715251219829,17.8617706238994
16-Nov-2023 11:21:00,-36.6659127018296,-3.71339668395286,47.7715285812948,17.8617800305083
16-Nov-2023 11:25:00,-36.6885370516471,-4.02128840299687,47.771525810424,17.8617797275603
16-Nov-2023 11:29:00,-36.7100997409166,-4.33453197211789,47.7715229913892,17.8617794388283
16-Nov-2023 11:33:00,-35.063029376176,-6.24757096307999,47.7715057749991,17.8618014936809
16-Nov-2023 11:37:00,-37.3035817808305,-13.4345287538519,47.7714410959885,17.8617714918946
16-Nov-2023 11:41:00,-39.1255611154962,-15.1679494932192,47.7714254960724,17.8617470949493
16-Nov-2023 11:45:00,-39.5733712992784,-15.3407592223435,47.7714239408716,17.8617410986131
16-Nov-2023 11:49:00,-38.0341823899368,-12.3331070859663,47.7714510082303,17.861761708895
16-Nov-2023 11:53:00,-39.6576037244631,-16.1129591765365,47.7714169914599,17.8617399707113
16-Nov-2023 11:57:00,-39.6595783110505,-12.1713352505086,47.7714524640956,17.8617399442709
16-Nov-2023 12:01:00,-41.0070790346693,-17.2723284145587,47.771406557719,17.8617219007613
16-Nov-2023 12:05:00,-38.3960757645123,-14.3152361981394,47.7714331700638,17.8617568630152
16-Nov-2023 12:09:00,-38.8962047562124,-15.2111566782132,47.7714251072294,17.8617501661118
16-Nov-2023 12:13:00,-38.3649218868122,-13.9470093755938,47.7714364839203,17.8617572801766
16-Nov-2023 12:17:00,-41.2640410572871,-13.5166676998404,47.7714403567792,17.8617184599493
16-Nov-2023 12:25:00,-35.6970347642676,5.24454448295755,47.7716091982664,17.8617930041253
16-Nov-2023 12:29:00,-27.8062176818412,6.48503572483506,47.7716203620645,17.8618986649467
16-Nov-2023 12:37:00,-25.1217612810916,10.4746748759887,47.7716562668132,17.8619346107638
16-Nov-2023 12:41:00,-24.6512609385232,9.80145670780409,47.7716502081878,17.8619409109292
16-Nov-2023 12:45:00,-24.1752652976364,10.5538750997992,47.7716569795754,17.8619472846786
16-Nov-2023 12:49:00,-24.6523811142216,10.5207260834748,47.7716566812509,17.8619408959297
16-Nov-2023 12:53:00,-24.370834016543,8.99184183911731,47.7716429220606,17.8619446659445
16-Nov-2023 12:57:00,-24.449909045924,9.95194708717264,47.7716515625256,17.861943607102
16-Nov-2023 13:01:00,-24.6402878545036,9.78663641674668,47.7716500748126,17.8619410578627
16-Nov-2023 13:05:00,-24.5400269978931,10.2220632845229,47.7716539934357,17.8619424003909
16-Nov-2023 13:09:00,-24.5408653961746,10.2244231227023,47.7716540146731,17.8619423891644
16-Nov-2023 13:13:00,-35.5114034591416,-4.65940252858876,47.7715200677173,17.8617954897939
16-Nov-2023 13:17:00,-36.4890348813665,-4.78961967266543,47.7715188958285,17.8617823989647
16-Nov-2023 13:21:00,-35.1427879261969,-4.01582043766426,47.7715258596329,17.8618004256858
16-Nov-2023 13:25:00,-35.1472323197476,-4.02129994591423,47.7715258103201,17.8618003661738
16-Nov-2023 13:29:00,-35.1442913372463,-4.01847782719327,47.7715258357178,17.8618004055546
16-Nov-2023 13:33:00,-35.8186025943675,-4.09684675959654,47.7715251304367,17.8617913762892
16-Nov-2023 13:37:00,-38.1705430184097,-7.59744111851748,47.7714936268456,17.8617598829782
16-Nov-2023 13:41:00,-37.178505881668,-4.24910242186017,47.7715237602122,17.861773166705
16-Nov-2023 13:45:00,-36.5314171137187,-4.80231739393523,47.7715187815553,17.8617818314516
16-Nov-2023 13:49:00,-36.4613993842128,-3.54873124041488,47.7715300632011,17.8617827690137
16-Nov-2023 13:53:00,-36.9279848537207,-5.47741975323016,47.7715127059732,17.8617765212698
16-Nov-2023 13:57:00,-35.4634407130096,-3.14755977701205,47.7715336735428,17.861796132032
16-Nov-2023 14:01:00,-35.4426089853293,-2.8516446099199,47.7715363366307,17.8617964109762
16-Nov-2023 14:05:00,-35.1345009978695,-3.41092018992636,47.7715313034314,17.8618005366507
16-Nov-2023 14:09:00,-35.1245833950293,-2.83161002199302,47.7715365169319,17.8618006694509
16-Nov-2023 14:13:00,-33.8107288999206,-3.57751765642763,47.7715298041378,17.8618182624256
16-Nov-2023 14:17:00,-35.1209647630335,-2.82638267570214,47.7715365639754,17.8618007179056
16-Nov-2023 14:21:00,-35.7195685887555,-1.67949364246675,47.7715468854007,17.8617927023895
16-Nov-2023 14:25:00,-35.924350242194,-6.5603034213792,47.771502960564,17.861789960291
16-Nov-2023 14:29:00,-37.0815490007992,-2.98741893395468,47.77153511473,17.8617744649918
16-Nov-2023 14:33:00,-36.9824264450489,-6.45114108353375,47.7715039429702,17.8617757922778
16-Nov-2023 14:37:00,-36.5059960116624,-4.49595516857796,47.7715215386615,17.8617821718491
16-Nov-2023 14:41:00,-35.7833345376092,-3.48967135864052,47.7715305947104,17.8617918485409
16-Nov-2023 14:45:00,-34.457399170412,-3.6514151669276,47.7715291390974,17.8618096032827
16-Nov-2023 14:49:00,-33.7923032360535,-3.57914641466508,47.7715297894798,17.8618185091517
16-Nov-2023 14:57:00,-34.8094083092957,-3.68994594023691,47.7715287923398,17.8618048897563
16-Nov-2023 15:01:00,-34.8042779247312,-3.68141671327493,47.7715288690985,17.861804958454
16-Nov-2023 15:05:00,-34.7970376081657,-3.67389571133216,47.7715289367837,17.8618050554044
16-Nov-2023 15:09:00,-34.4674175154093,-3.94108254217364,47.7715265322365,17.8618094691336
16-Nov-2023 15:13:00,-36.1653221497066,-4.14289846230841,47.7715247159945,17.8617867335922
16-Nov-2023 15:17:00,-36.1074696576724,-10.9042384306101,47.7714638673306,17.8617875082575
16-Nov-2023 15:21:00,-37.4312117461963,-12.8002427040374,47.7714468042444,17.8617697828844
16-Nov-2023 15:25:00,-37.9547525111204,-14.5345130813343,47.771431196682,17.8617627724891
16-Nov-2023 15:29:00,-38.3132413866498,-13.62013140869,47.7714394256578,17.8617579721967
16-Nov-2023 15:33:00,-37.089252045195,-14.2015910977849,47.7714341928126,17.8617743618453
16-Nov-2023 15:37:00,-37.0061237734764,-12.8137959760426,47.7714466822717,17.8617754749622
16-Nov-2023 15:41:00,-37.9013176393595,-13.8166803777502,47.7714376568158,17.8617634880009
16-Nov-2023 15:45:00,-37.8760676530369,-13.4714205389449,47.7714407639809,17.8617638261071
16-Nov-2023 15:49:00,-37.470914101285,-13.6608909118308,47.7714390588427,17.8617692512559
16-Nov-2023 15:53:00,-38.7930990090482,-14.490256161407,47.771431594972,17.8617515467341
16-Nov-2023 15:57:00,-35.7070885342162,-10.7799256171584,47.7714649860835,17.8617928695018
16-Nov-2023 16:01:00,-34.5220557081947,-9.51803432132309,47.7714763424714,17.8618087375089
16-Nov-2023 16:05:00,-35.6581367472857,-9.52922612462826,47.7714762417508,17.8617935249835
16-Nov-2023 16:09:00,-35.8727310258069,-10.2023725488237,47.771470183771,17.8617906514905
16-Nov-2023 16:13:00,-36.0940113100248,-10.9029237960635,47.7714638791616,17.8617876884695
16-Nov-2023 16:17:00,-36.1005618435367,-10.8994022238567,47.771463910854,17.8617876007555
16-Nov-2023 16:21:00,-36.6287480124068,2.8833882403124,47.771587949046,17.8617805281566
16-Nov-2023 16:25:00,-33.0466766502529,4.53975940119444,47.7716028555546,17.8618284933544
16-Nov-2023 16:29:00,-33.0351882568684,4.26179639625019,47.7716003540272,17.861828647188
16-Nov-2023 16:33:00,-32.2304607422,4.16312739635827,47.7715994660557,17.861839422773
16-Nov-2023 16:37:00,-27.0997390040857,9.97237358944298,47.7716517463539,17.8619081249451
16-Nov-2023 16:41:00,-24.7167211097326,9.32931939599136,47.7716459591891,17.8619400343945
16-Nov-2023 16:45:00,-23.7412634250432,8.74073003123257,47.7716406621804,17.8619530961166
16-Nov-2023 16:49:00,-23.6567128536067,8.48430673079599,47.7716383544995,17.8619542282786
16-Nov-2023 16:53:00,-25.0133862073858,10.8932645840507,47.7716600339103,17.8619360619443
16-Nov-2023 16:57:00,-24.793421563871,7.9731867630877,47.7716337546765,17.8619390073484
16-Nov-2023 17:01:00,-24.1131584151029,7.52703628757544,47.7716297395463,17.8619481163116
16-Nov-2023 17:05:00,-23.1629249309578,7.87312454672017,47.7716328541668,17.8619608402728
16-Nov-2023 17:09:00,-23.5968201541937,7.58837797436314,47.7716302915906,17.8619550302629
16-Nov-2023 17:13:00,-23.817449217742,7.44294163931747,47.7716289827367,17.861952075962
16-Nov-2023 17:17:00,-23.8604881453257,7.56555520547506,47.7716300861972,17.8619514996556
16-Nov-2023 17:19:00,-24.5031772038437,7.88173619359388,47.7716329316673,17.8619428938226
16-Nov-2023 17:21:00,-24.7138156999549,7.72542310714156,47.771631524928,17.8619400732989
16-Nov-2023 17:23:00,-26.2154321252003,8.43199831790781,47.77163788375,17.8619199661258
16-Nov-2023 17:25:00,-23.3541917151507,6.87262659182284,47.7716238501877,17.8619582791432
16-Nov-2023 17:29:00,-23.525476638034,6.60673263141566,47.7716214572756,17.8619559855777
16-Nov-2023 17:31:00,-24.4962537665717,7.87950918826815,47.7716329116254,17.8619429865299
16-Nov-2023 17:33:00,-25.3800190826492,9.82337251722472,47.7716504054191,17.8619311526009
16-Nov-2023 17:35:00,-24.0311095918919,9.53351610949128,47.771647796857,17.8619492149743
16-Nov-2023 17:37:00,-23.5726404147723,6.7326389774651,47.7716225903695,17.8619553540381
16-Nov-2023 17:39:00,-24.7269261753069,10.7757005785347,47.7716589758933,17.861939897745
16-Nov-2023 17:41:00,-24.8127990576286,10.3275551816119,47.7716549428098,17.8619387478769
16-Nov-2023 17:43:00,-25.0985110358561,10.4500716536444,47.7716560453965,17.8619349220928
16-Nov-2023 17:45:00,-24.6250995069929,10.4923212693445,47.7716564256218,17.86194126124
16-Nov-2023 17:47:00,-24.233950922472,10.0791849443885,47.7716527076024,17.8619464988574
16-Nov-2023 18:01:00,-30.6486639019797,4.47334176293991,47.7716022578292,17.8618606035901
16-Nov-2023 18:03:00,-29.6467380125789,6.87719744406108,47.7716238913231,17.8618740197309
16-Nov-2023 18:05:00,-30.579316257156,6.29705787658776,47.7716186703583,17.8618615321795
16-Nov-2023 18:07:00,-35.7786206394945,-3.19819231517964,47.7715332178754,17.8617919116617
16-Nov-2023 18:09:00,-35.7498264487253,-2.59143036433988,47.7715386784282,17.8617922972261
16-Nov-2023 18:11:00,-35.4493350631812,-3.16563978469428,47.7715335108318,17.8617963209116
16-Nov-2023 18:13:00,-35.7792991507946,-3.1976235109391,47.7715332229944,17.8617919025762
16-Nov-2023 18:15:00,-35.1662911661453,-4.92915688905247,47.7715176400636,17.8618001109691
16-Nov-2023 18:17:00,-35.1460640478886,-4.32971598355905,47.7715230347307,17.8618003818174
16-Nov-2023 18:19:00,-35.1546087892037,-4.62569527899289,47.7715203710657,17.8618002674003
16-Nov-2023 18:21:00,-34.4681700047236,-3.94482531676053,47.7715264985534,17.8618094590575
16-Nov-2023 18:23:00,-37.8325781309898,-4.01375349726554,47.7715258782344,17.8617644084471
16-Nov-2023 18:25:00,-37.8313062915338,-4.01562171392525,47.7715258614214,17.8617644254775
16-Nov-2023 18:27:00,-37.4686393336639,-3.66590951217924,47.7715290086555,17.8617692817158
16-Nov-2023 18:31:00,-37.5210511034129,-4.30749193546539,47.7715232347359,17.8617685799038
16-Nov-2023 18:33:00,-36.8194909765594,-3.91602061725982,47.7715267577812,17.8617779740411
16-Nov-2023 18:35:00,-36.401712637192,-2.63676823769515,47.7715382704101,17.8617835682403
16-Nov-2023 18:37:00,-36.4246576419849,-2.94153600405488,47.7715355276533,17.8617832609986
16-Nov-2023 18:39:00,-36.1409132589803,-3.8342805104466,47.7715274934011,17.8617870604359
16-Nov-2023 18:41:00,-36.4588998841715,-3.56647478360741,47.7715299035182,17.8617828024829
16-Nov-2023 18:43:00,-36.7969874604059,-3.60408578811753,47.771529565038,17.8617782753711
16-Nov-2023 18:45:00,-36.788985595861,-3.59098571974687,47.771529682932,17.8617783825189
16-Nov-2023 18:47:00,-36.7783274772862,-3.59124141912596,47.7715296806309,17.8617785252349
16-Nov-2023 18:49:00,-36.4230736471651,-3.24746891711436,47.7715327744107,17.8617832822088
16-Nov-2023 18:51:00,-35.5118231742392,-5.58640577002391,47.7715117251537,17.8617954841738
16-Nov-2023 18:53:00,-35.412137983977,-2.85665781014215,47.7715362915144,17.8617968189936
16-Nov-2023 18:55:00,-36.7349583122686,-2.97627498387687,47.7715352150199,17.8617791059633
16-Nov-2023 18:57:00,-36.4528127439183,-3.87444806599576,47.7715271319133,17.8617828839918
16-Nov-2023 18:59:00,-35.9961898009814,-1.39636167482032,47.7715494334462,17.861788998334
16-Nov-2023 19:01:00,-36.1690895606253,1.02545662206158,47.7715712285946,17.8617866831452
16-Nov-2023 19:03:00,-36.1145260294905,-3.83530553732609,47.7715274841764,17.8617874137702
16-Nov-2023 19:05:00,-35.7650912562456,-3.49356371726919,47.7715305596811,17.8617920928249
16-Nov-2023 19:07:00,-35.4328133213379,-3.4636038303108,47.7715308293051,17.8617965421435
16-Nov-2023 19:13:00,-37.8194074516927,-4.01969886624903,47.771525824729,17.8617645848071
16-Nov-2023 19:15:00,-36.668746320051,-2.03982950391248,47.7715436425589,17.8617799925652
16-Nov-2023 19:17:00,-37.0684613513966,-3.00003943390945,47.7715350011518,17.86177464024
16-Nov-2023 19:19:00,-36.4335853069075,-3.55886276946145,47.7715299720225,17.861783141454
16-Nov-2023 19:21:00,-37.4974893367274,-4.29484109554771,47.7715233485872,17.8617688954041
16-Nov-2023 19:23:00,-36.7297311316823,-2.96101091386322,47.7715353523889,17.861779175957
16-Nov-2023 19:25:00,-35.7835899780034,-3.79637118363019,47.771527834566,17.8617918451205
16-Nov-2023 19:27:00,-36.1180439744654,-3.52549487398985,47.7715302723168,17.8617873666636
16-Nov-2023 19:29:00,-35.4446374403985,-3.45788987755722,47.7715308807278,17.8617963838144
16-Nov-2023 19:31:00,-34.4567791910746,-3.66047178330911,47.7715290575924,17.8618096115845
16-Nov-2023 19:33:00,-33.7880250672656,-3.58346398100265,47.7715297506239,17.8618185664379
16-Nov-2023 19:35:00,-33.8028765002723,-3.58742553064138,47.771529714972,17.8618183675719
16-Nov-2023 19:37:00,-34.4524744506919,-3.6557578632019,47.7715291000153,17.8618096692265
16-Nov-2023 19:39:00,-34.4488692341608,-3.64990326163694,47.7715291527037,17.8618097175016
16-Nov-2023 19:41:00,-34.4502678560632,-3.35845372019694,47.7715317756033,17.8618096987736
16-Nov-2023 19:43:00,-35.4624956868402,-4.06113245195999,47.7715254518476,17.8617961446862
16-Nov-2023 19:47:00,-31.816397367858,6.00832000122855,47.7716160718624,17.8618449672275
16-Nov-2023 19:49:00,-27.0148321318586,7.7050636605828,47.7716313417032,17.8619092618781
16-Nov-2023 19:51:00,-24.2793812772472,11.5453198085097,47.7716659020799,17.8619458905289
16-Nov-2023 19:53:00,-24.5261573817849,10.9212875917222,47.7716602861033,17.8619425861099
16-Nov-2023 19:55:00,-24.3087854033351,9.63630958472889,47.7716487219466,17.8619454967973
16-Nov-2023 19:57:00,-24.3137505449482,9.64269745948663,47.7716487794343,17.8619454303123
16-Nov-2023 19:59:00,-24.408878813328,9.91737349025883,47.7716512513806,17.8619441565113
16-Nov-2023 20:01:00,-23.624659133681,9.14063941768403,47.771644261164,17.8619546574892
16-Nov-2023 20:03:00,-24.6118363584232,10.4770281368737,47.7716562879913,17.8619414388383
16-Nov-2023 20:05:00,-24.2405023883022,9.38815891788801,47.7716464887152,17.861946411131
16-Nov-2023 20:07:00,-24.2330595922499,9.37944021364102,47.7716464102513,17.8619465107926
16-Nov-2023 20:09:00,-24.5261145701341,10.2006992384561,47.77165380117,17.8619425866832
16-Nov-2023 20:13:00,-24.9962345402002,10.1483937501725,47.7716533304469,17.8619362916111
16-Nov-2023 20:15:00,-24.4452654758359,8.53140372872379,47.7716387783488,17.8619436692811
16-Nov-2023 20:17:00,-24.8132188738369,9.59951040812733,47.7716483907725,17.8619387422554
16-Nov-2023 20:19:00,-25.3849349846113,11.3036938949926,47.771663727568,17.8619310867752
16-Nov-2023 20:21:00,-23.15863954477,7.86941353991895,47.7716328207696,17.8619608976557
16-Nov-2023 20:23:00,-24.3416915202499,8.95985767902506,47.7716426342192,17.8619450561728
16-Nov-2023 20:25:00,-24.4533693442609,8.53902002803089,47.7716388468917,17.8619435607674
16-Nov-2023 20:27:00,-24.5419462671943,8.80323953323819,47.7716412247345,17.8619423746912
16-Nov-2023 20:29:00,-24.5397712940679,8.80004240298014,47.771641195962,17.8619424038149
16-Nov-2023 20:31:00,-24.8318227155656,8.90526213317351,47.7716421428867,17.8619384931434
16-Nov-2023 20:33:00,-23.857932401126,8.33389894697109,47.771637000905,17.8619515338779
16-Nov-2023 20:35:00,-24.1581554962405,8.43640557391568,47.7716379234131,17.8619475137849
16-Nov-2023 20:37:00,-23.7706108595484,8.08199231573813,47.7716347338718,17.8619527031441
16-Nov-2023 20:39:00,-24.8334877686245,8.90537009326618,47.7716421438583,17.8619384708478
16-Nov-2023 20:41:00,-24.9562753750471,8.4836597476481,47.771638348677,17.8619368266784
16-Nov-2023 20:43:00,-24.4581251986586,8.54163861933449,47.7716388704577,17.8619434970848
16-Nov-2023 20:45:00,-24.165142252517,8.43884545843434,47.7716379453709,17.8619474202297
16-Nov-2023 20:47:00,-24.2474259140322,8.69568401371548,47.7716402567889,17.8619463184225
16-Nov-2023 20:49:00,-25.0099232296745,10.889160103639,47.7716599969721,17.8619361083148
16-Nov-2023 20:51:00,-23.6532202776483,8.48864567864228,47.7716383935478,17.8619542750454
16-Nov-2023 20:53:00,-25.9334470300671,10.0396593728068,47.7716523518921,17.8619237420056
16-Nov-2023 20:55:00,-25.1938128251526,9.99376079923189,47.771651938828,17.8619336459683
16-Nov-2023 20:57:00,-24.625593279186,10.4849151191074,47.7716563589702,17.8619412546282
16-Nov-2023 20:59:00,-24.6197106222706,9.76254770413543,47.7716498580263,17.8619413333991
16-Nov-2023 21:01:00,-24.6180951670201,9.75942107140657,47.7716498298882,17.8619413550306
16-Nov-2023 21:03:00,-24.7123762045588,10.034655398867,47.7716523068589,17.8619400925743
16-Nov-2023 21:05:00,-24.6150639976966,9.75374551054653,47.771649778811,17.861941395619
16-Nov-2023 21:07:00,-24.6215989540544,9.76031282746662,47.7716498379135,17.8619413081137
16-Nov-2023 21:09:00,-24.3273572996871,9.64465436104474,47.7716487970454,17.8619452481131
16-Nov-2023 21:11:00,-24.5225943722132,9.48215601654783,47.7716473346419,17.8619426338199
16-Nov-2023 21:13:00,-25.4715611698074,10.8403794168282,47.7716595579704,17.8619299268201
16-Nov-2023 21:15:00,-25.0926607992958,10.4311957731272,47.7716558755231,17.8619350004296
16-Nov-2023 21:17:00,-25.2759182061069,10.2645138624951,47.7716543754696,17.8619325465483
16-Nov-2023 21:19:00,-24.4528201183345,8.53739179733929,47.7716388322384,17.8619435681217
16-Nov-2023 21:21:00,-24.2495166923454,8.69213506111759,47.7716402248501,17.8619462904263
16-Nov-2023 21:23:00,-24.0738182742496,8.18320773086858,47.7716356447597,17.86194864309
16-Nov-2023 21:25:00,-24.4571320644718,8.54033395507252,47.7716388587164,17.8619435103833
16-Nov-2023 21:27:00,-23.6777245235054,7.82561602669085,47.771632426614,17.8619539469249
16-Nov-2023 21:29:00,-23.424907119194,7.10318919518927,47.7716259251353,17.861957332239
16-Nov-2023 21:31:00,-23.5897718436392,7.58156862141428,47.7716302303099,17.8619551246423
16-Nov-2023 21:33:00,-24.9166723119102,9.16211954338854,47.7716444544744,17.8619373569774
16-Nov-2023 21:35:00,-23.5976844561811,7.58592931110418,47.7716302695539,17.8619550186896
16-Nov-2023 21:37:00,-24.0441308550569,8.84651763986885,47.7716416142158,17.861949040615
16-Nov-2023 21:39:00,-23.2488932009626,6.62656987602576,47.7716216358008,17.8619596891274
16-Nov-2023 21:41:00,-23.4196560016753,7.09668749154701,47.7716258666232,17.8619574025533
16-Nov-2023 21:43:00,-23.815616859812,7.43598197821048,47.7716289201032,17.8619521004979
16-Nov-2023 21:45:00,-23.7741855728491,8.07765325806603,47.7716346948225,17.8619526552774
16-Nov-2023 21:47:00,-24.3236164318188,9.6416975564948,47.7716487704356,17.8619452982046
16-Nov-2023 21:49:00,-24.7490136524899,8.64128861889379,47.7716397672576,17.8619396019859
16-Nov-2023 21:51:00,-24.437625366487,9.21958950699094,47.7716449716752,17.8619437715848
16-Nov-2023 21:53:00,-31.4306966948517,7.2881345829734,47.7716275895509,17.8618501318955
16-Nov-2023 21:55:00,-35.1281695900783,-3.7330361294999,47.7715284045497,17.8618006214305
16-Nov-2023 21:57:00,-36.8551642928728,-4.54091656860054,47.7715211340315,17.8617774963628
16-Nov-2023 21:59:00,-37.1776696672609,-4.2667562139009,47.771523601337,17.8617731779022
16-Nov-2023 22:01:00,-37.5237585652589,-4.30514860053359,47.7715232558248,17.8617685436499
16-Nov-2023 22:03:00,-36.4793927313363,-3.87598541300111,47.7715271180779,17.8617825280764
16-Nov-2023 22:05:00,-35.8225421037461,-4.10489834075151,47.7715250579765,17.8617913235378
16-Nov-2023 22:07:00,-35.8057236377881,-3.79682352471262,47.7715278304952,17.861791548743
16-Nov-2023 22:09:00,-34.807053683963,-3.98730276998089,47.7715261162776,17.8618049212856
16-Nov-2023 22:11:00,-34.803422897831,-3.98442524492042,47.7715261421739,17.8618049699031
16-Nov-2023 22:13:00,-34.7916463628975,-3.6899052647505,47.7715287927058,17.8618051275951
16-Nov-2023 22:15:00,-33.7986399216165,-3.58518629683748,47.7715297351239,17.8618184243012
16-Nov-2023 22:17:00,-37.4937151626814,-3.97317045121143,47.7715262434614,17.8617689459417
16-Nov-2023 22:21:00,-34.7973746461715,-3.69235528099983,47.7715287706569,17.8618050508913
16-Nov-2023 22:33:00,-34.128117187541,-3.62736391735382,47.7715293555465,17.8618140124845
16-Nov-2023 22:41:00,-33.4603543447979,-3.27256211621581,47.7715325485845,17.8618229540643
16-Nov-2023 22:45:00,-35.7898502840373,-3.79261364164181,47.771527868382,17.8617917612928
16-Nov-2023 22:49:00,-35.4536623329689,-3.76199407791602,47.7715281439427,17.8617962629679
16-Nov-2023 23:05:00,-35.4537270087419,-3.76387820526908,47.7715281269865,17.8617962621019
16-Nov-2023 23:09:00,-34.1174674148228,-3.61900588136364,47.7715294307647,17.8618141550887
16-Nov-2023 23:33:00,-36.4208448996035,-3.25752192758387,47.7715326839387,17.8617833120525
16-Nov-2023 23:37:00,-35.4650676208138,-4.07334233881248,47.7715253419647,17.8617961102471
16-Nov-2023 23:41:00,-36.4286041107447,-3.25757503598591,47.7715326834607,17.861783208154
16-Nov-2023 23:45:00,-36.4783358513828,-4.18649602193097,47.7715243236384,17.8617825422284
16-Nov-2023 23:49:00,-36.1835601024524,-5.07238845233905,47.7715163510514,17.8617864893796
16-Nov-2023 23:53:00,-36.4990586397406,-4.50156783350586,47.7715214881503,17.861782264743
17-Nov-2023 00:01:00,-37.4183870008891,-3.34608493398195,47.7715318869161,17.8617699546123
17-Nov-2023 00:09:00,-36.2683120898091,-0.797710437627556,47.7715548210067,17.8617853545206
17-Nov-2023 00:13:00,-34.8874840549182,4.80008369331548,47.7716051983425,17.8618038442946
17-Nov-2023 00:17:00,-33.8413776577428,5.22259368254885,47.7716090007202,17.8618178520279
17-Nov-2023 00:21:00,-32.1995971095466,3.87890377113742,47.7715969081858,17.861839836048
17-Nov-2023 00:25:00,-34.6290940218726,4.75344792390801,47.771604778644,17.8618073042282
17-Nov-2023 00:29:00,-36.8939682821442,6.01583551472289,47.7716161394983,17.8617769767637
17-Nov-2023 00:37:00,-27.5354813938093,9.86563655051011,47.7716507857741,17.861902290201
17-Nov-2023 00:41:00,-26.7597854107876,9.58507895159824,47.7716482608966,17.8619126770435
17-Nov-2023 00:49:00,-25.9496735149313,9.30052678505406,47.77164570007,17.8619235247273
17-Nov-2023 01:01:00,-25.5856326043809,8.92037613140602,47.7716422789051,17.8619283993634
17-Nov-2023 01:05:00,-26.142443749713,9.11808943778381,47.7716440582255,17.8619209434659
17-Nov-2023 01:09:00,-25.8675440934624,9.02524707773136,47.7716432226909,17.8619246244692
17-Nov-2023 01:13:00,-25.7050657556302,6.63629579151858,47.7716217233292,17.8619268001114
17-Nov-2023 01:17:00,-27.9262061731066,9.48021319002179,47.7716473171575,17.8618970582585
17-Nov-2023 01:45:00,-27.5435812257008,9.87016596635295,47.7716508265366,17.8619021817414
17-Nov-2023 01:53:00,-31.6794802785602,4.08015433768873,47.7715987193399,17.8618468005956
17-Nov-2023 01:57:00,-34.6387904321474,4.46437126681778,47.7716021770993,17.8618071743898
17-Nov-2023 02:01:00,-35.7149331823746,4.30111169932133,47.7716007078451,17.8617927644592
17-Nov-2023 02:05:00,-33.0199997218195,3.69911801088022,47.7715952902043,17.8618288505679
17-Nov-2023 02:09:00,-35.2211667625703,3.06287073947651,47.7715895642984,17.8617993761655
17-Nov-2023 02:13:00,-36.7785741046187,4.42399520526898,47.771601813735,17.8617785219324
17-Nov-2023 02:17:00,-38.2142061120726,1.38722644379847,47.7715744843413,17.8617592983139
17-Nov-2023 02:21:00,-36.0916683322661,-3.22871495838433,47.7715329431869,17.8617877198428
17-Nov-2023 02:25:00,-35.7881430910744,-3.8195952051566,47.7715276255615,17.8617917841527
17-Nov-2023 02:29:00,-36.8062901932282,-3.9224126828322,47.7715267002558,17.8617781508042
17-Nov-2023 02:33:00,-35.8123332199202,-4.11829393802703,47.7715249374229,17.8617914602384
17-Nov-2023 02:37:00,-36.5264411299388,-4.81722868494103,47.7715186473612,17.8617818980818
17-Nov-2023 02:41:00,-36.4857904960849,-4.19057752213401,47.7715242869069,17.8617824424081
17-Nov-2023 02:45:00,-36.1535351192254,-4.15177699124208,47.7715246360922,17.8617868914247
17-Nov-2023 02:49:00,-36.4696121725601,-3.88009589687404,47.7715270810856,17.8617826590416
17-Nov-2023 02:53:00,-36.4851024528828,-4.19114368362108,47.7715242818118,17.8617824516213
17-Nov-2023 02:57:00,-36.9307231266225,-5.81754097857665,47.771509645053,17.8617764846034
17-Nov-2023 03:01:00,-37.3431132275281,-6.523461265343,47.7715032921249,17.8617709625546
17-Nov-2023 03:05:00,-37.3695162884978,-6.85252213477639,47.7715003307423,17.8617706090083
17-Nov-2023 03:09:00,-35.4367243063892,-3.47460119752141,47.7715307303343,17.8617964897741
17-Nov-2023 03:13:00,-35.7853999193918,-3.80540587643497,47.7715277532583,17.8617918208848
17-Nov-2023 03:17:00,-35.4363021037901,-3.17445078128828,47.7715334315373,17.8617964954275
17-Nov-2023 03:21:00,-35.1021059627803,-3.14327773695673,47.771533712079,17.8618009704316
17-Nov-2023 03:25:00,-33.7883079951588,-1.88551035046686,47.7715450313538,17.8618185626494
17-Nov-2023 03:37:00,-37.0898346479842,-3.32127228035925,47.7715321102175,17.8617743540441
17-Nov-2023 03:41:00,-35.786941160566,-3.8080964422021,47.7715277290446,17.861791800247
17-Nov-2023 03:45:00,-34.8043036015948,-4.58887142849178,47.7715207024618,17.8618049581102
17-Nov-2023 03:49:00,-36.4089826331461,-2.94858510523562,47.7715354642149,17.8617834708925
17-Nov-2023 03:53:00,-35.4349151737647,-3.17494995745129,47.771533427045,17.861796513999
17-Nov-2023 03:57:00,-37.3810222104062,-7.15853783645047,47.7714975767547,17.86177045494
17-Nov-2023 04:01:00,-36.4335523801031,-3.57041505810465,47.7715298680577,17.8617831418949
17-Nov-2023 04:05:00,-35.7849985853341,-3.19939198680262,47.771533207079,17.8617918262588
17-Nov-2023 04:09:00,-34.4574349267094,-3.37068790238663,47.7715316655018,17.861809602804
17-Nov-2023 04:13:00,-36.8017981112461,-3.90894230308107,47.7715268214825,17.8617782109548
17-Nov-2023 04:17:00,-36.0487280777521,-2.31284506956799,47.771541185556,17.8617882948279
17-Nov-2023 04:21:00,-35.7729659367463,-3.49559355359635,47.7715305414136,17.8617919873802
17-Nov-2023 04:33:00,-39.7456040766581,-8.59257765627157,47.7714846711166,17.8617387923556
17-Nov-2023 04:37:00,-41.0383197029608,-12.4034866449244,47.7714503748496,17.8617214824378
17-Nov-2023 04:41:00,-41.1378030881706,-10.2926569336741,47.7714693712569,17.8617201503202
17-Nov-2023 04:45:00,-41.1400773182044,-10.2909370398953,47.7714693867351,17.8617201198675
17-Nov-2023 04:49:00,-40.8340557221937,-10.9162488448292,47.7714637592429,17.8617242176045
17-Nov-2023 04:53:00,-40.8387136777791,-10.9190214977847,47.7714637342904,17.8617241552328
17-Nov-2023 04:57:00,-41.3047044892353,-11.4012582586064,47.7714593944018,17.8617179154516
17-Nov-2023 05:01:00,-41.3108207663529,-11.3959633236095,47.7714594420535,17.8617178335525
17-Nov-2023 05:05:00,-41.983120699906,-10.5158349249406,47.7714673627671,17.8617088312195
17-Nov-2023 05:09:00,-38.2309353932409,-12.9129466984218,47.771445789965,17.861759074303
17-Nov-2023 05:13:00,-36.6737624055974,-14.7412709500935,47.771429335965,17.861779925398
17-Nov-2023 05:31:00,-35.9383725262595,-17.5492845241125,47.7714040652531,17.8617897725276
17-Nov-2023 05:33:00,-35.0533870861937,-17.8189987842215,47.7714016379602,17.8618016227945
17-Nov-2023 05:35:00,-34.5905362459913,-16.8911144203588,47.7714099884535,17.8618078205304
17-Nov-2023 05:37:00,-35.4902953891626,-17.6878484832892,47.7714028182471,17.8617957724384
17-Nov-2023 05:39:00,-35.0282285644176,-16.7473991479682,47.7714112818188,17.861801959676
17-Nov-2023 05:41:00,-31.9821049751979,-15.9289660027969,47.771418647306,17.8618427483443
17-Nov-2023 05:43:00,-34.5864613084827,-16.201482358806,47.7714161947957,17.8618078750952
17-Nov-2023 05:45:00,-35.5026920265591,-17.687065384364,47.7714028252946,17.8617956064431
17-Nov-2023 05:47:00,-36.4007705062528,-17.7703602935411,47.7714020756822,17.8617835808557
17-Nov-2023 05:51:00,-36.7480226045118,3.20211011438672,47.7715908173828,17.8617789310278
17-Nov-2023 05:53:00,-36.0760855864617,2.84178371104941,47.7715875746262,17.8617879285012
17-Nov-2023 05:55:00,-40.5570944409866,3.18621470487571,47.7715906743321,17.8617279262136
17-Nov-2023 05:57:00,-37.5024206304046,2.62702894305331,47.7715856419411,17.8617688293724
17-Nov-2023 05:59:00,-38.8698152850667,3.05229481781842,47.7715894691204,17.8617505194761
17-Nov-2023 06:01:00,-37.964502578528,3.61611352722451,47.7715945432056,17.8617626419323
17-Nov-2023 06:03:00,-34.9566682397788,3.04294329901836,47.7715893849614,17.861802917894
17-Nov-2023 06:05:00,-36.0436125029111,3.44013180332558,47.7715929594585,17.8617883633273
17-Nov-2023 06:07:00,-36.3553467840308,2.86378166092338,47.7715877725967,17.8617841890954
17-Nov-2023 06:09:00,-36.0428035693929,3.44386341021087,47.7715929930411,17.8617883741592
17-Nov-2023 06:11:00,-41.3839364196404,4.64414635809662,47.7716037949848,17.8617168545082
17-Nov-2023 06:13:00,-35.3527177297641,6.66974108978854,47.7716220243201,17.8617976146517
17-Nov-2023 06:15:00,-25.8725013816191,9.02950941468589,47.7716432610498,17.8619245580894
17-Nov-2023 06:17:00,-26.1476564802997,9.1234908695875,47.7716441068357,17.8619208736656
17-Nov-2023 06:21:00,-25.4376250501692,8.40431797090461,47.7716376346408,17.8619303812367
17-Nov-2023 06:23:00,-25.2004641912578,9.26747138377919,47.771645402588,17.8619335569041
17-Nov-2023 06:25:00,-25.442130333015,8.41565800489579,47.7716377366954,17.8619303209093
17-Nov-2023 06:27:00,-25.2025073950716,9.2772121891457,47.7716454902504,17.8619335295449
17-Nov-2023 06:29:00,-26.7334801018278,10.345622105737,47.771655105403,17.8619130292809
17-Nov-2023 06:31:00,-27.1064051495918,9.97482664972444,47.7716517684302,17.8619080356831
17-Nov-2023 06:33:00,-26.2849759694471,10.4207582019994,47.7716557815902,17.8619190349093
17-Nov-2023 06:35:00,-26.9217753376864,10.1637638104428,47.7716534687697,17.8619105079413
17-Nov-2023 06:37:00,-26.2890519236416,10.4260909368046,47.7716558295821,17.8619189803308
17-Nov-2023 06:39:00,-24.4244514367196,9.91923102991907,47.7716512680975,17.8619439479884
17-Nov-2023 06:41:00,-24.0316081624256,9.52594768741685,47.771647728745,17.8619492082983
17-Nov-2023 06:43:00,-23.9493734706461,8.58785206362791,47.7716392863555,17.8619503094498
17-Nov-2023 06:45:00,-26.2904829050706,11.9674122452952,47.7716697006998,17.8619189611695
17-Nov-2023 06:47:00,-35.0859771485171,-1.95178233628372,47.7715444349392,17.8618011864021
17-Nov-2023 06:49:00,-33.4900262139177,-2.14105187738739,47.7715427316084,17.8618225567475
17-Nov-2023 06:51:00,-37.4414640828908,-3.34222033017043,47.7715319216956,17.861769645602
17-Nov-2023 06:53:00,-36.7703451461972,-3.2933099605805,47.7715323618644,17.8617786321211
17-Nov-2023 06:55:00,-36.7753646057922,-3.29440652591491,47.7715323519958,17.8617785649087
17-Nov-2023 06:57:00,-36.7778998677869,-3.29010436281013,47.7715323907131,17.8617785309607
17-Nov-2023 06:59:00,-37.1341172742459,-3.62532843209149,47.7715293738649,17.8617737610841
17-Nov-2023 07:01:00,-36.4750610949139,-3.86329346154971,47.7715272322991,17.8617825860786
17-Nov-2023 07:03:00,-36.7929435953703,-3.57581406432641,47.7715298194693,17.8617783295199
17-Nov-2023 07:05:00,-36.7934280180555,-3.5829918291496,47.771529754873,17.8617783230333
17-Nov-2023 07:07:00,-36.8170880829195,-3.89107255927752,47.7715269823012,17.8617780062167
17-Nov-2023 07:09:00,-36.7802583173634,-3.28319765554747,47.77153245287,17.8617784993802
17-Nov-2023 07:11:00,-36.8016068235749,-3.59870208262378,47.7715296134886,17.8617782135162
17-Nov-2023 07:13:00,-36.4698515020624,-3.57140178937505,47.7715298591776,17.8617826558369
17-Nov-2023 07:15:00,-36.4560794229551,-3.56684124937783,47.7715299002201,17.8617828402499
17-Nov-2023 07:17:00,-36.7704328821964,-3.29461164905596,47.7715323501498,17.8617786309463
17-Nov-2023 07:19:00,-36.7649320301,-3.28635707540314,47.7715324244368,17.8617787046046
17-Nov-2023 07:21:00,-36.4448352972641,-3.56895201470089,47.7715298812243,17.8617829908127
17-Nov-2023 07:23:00,-36.7549837034557,-3.28546781077376,47.7715324324398,17.8617788378162
17-Nov-2023 07:25:00,-35.7597843179681,-3.20154153342643,47.7715331877341,17.8617921638867
17-Nov-2023 07:27:00,-35.778320491156,-3.50494275858405,47.7715304572755,17.8617919156808
17-Nov-2023 07:29:00,-36.1131217352711,-3.54028619388117,47.7715301392023,17.8617874325742
17-Nov-2023 07:31:00,-35.7784282663648,-3.50747510998105,47.7715304344856,17.8617919142376
17-Nov-2023 07:33:00,-35.7789508544124,-3.50311316063565,47.7715304737409,17.86179190724
17-Nov-2023 07:35:00,-36.1173345371,-3.53942634373168,47.7715301469405,17.8617873761632
17-Nov-2023 07:37:00,-36.1150656010031,-3.53665848909546,47.7715301718498,17.8617874065451
17-Nov-2023 07:39:00,-36.1255626906213,-3.84157865671679,47.7715274277215,17.8617872659854
17-Nov-2023 07:41:00,-35.7878894556019,-3.79682732603708,47.771527830461,17.861791787549
17-Nov-2023 07:43:00,-36.1151281027047,-3.52393759202406,47.7715302863315,17.8617874057082
17-Nov-2023 07:45:00,-36.1126346183745,-3.53069355898665,47.7715302255312,17.8617874390968
17-Nov-2023 07:47:00,-35.7706431972007,-3.19244485583952,47.7715332695997,17.8617920184825
17-Nov-2023 07:49:00,-35.7675519888751,-3.18587673202415,47.7715333287095,17.8617920598748
17-Nov-2023 07:51:00,-36.11166214209,-3.52550821464112,47.7715302721967,17.8617874521186
17-Nov-2023 07:53:00,-35.772831637692,-3.49242888082575,47.7715305698941,17.8617919891785
17-Nov-2023 07:55:00,-36.0969311841221,-3.20759513573252,47.7715331332547,17.8617876493713
17-Nov-2023 07:57:00,-36.1023011338665,-3.21632851222051,47.7715330546587,17.8617875774658
17-Nov-2023 07:59:00,-36.4374216195904,-3.23977425448259,47.7715328436588,17.8617830900844
17-Nov-2023 08:01:00,-36.100050432792,-3.21358775263664,47.7715330793242,17.8617876076035
17-Nov-2023 08:03:00,-36.4366909876874,-3.25124703294274,47.7715327404096,17.8617830998678
17-Nov-2023 08:05:00,-36.1039426615738,-3.22092074099514,47.771533013331,17.8617875554852
17-Nov-2023 08:07:00,-35.7871061350079,-3.49508358741643,47.7715305460031,17.8617917980379
17-Nov-2023 08:09:00,-36.1055520062077,-3.22487540690025,47.771532977741,17.8617875339355
17-Nov-2023 08:11:00,-36.4351210279866,-3.24854305751035,47.771532764744,17.8617831208901
17-Nov-2023 08:13:00,-36.4318439437958,-3.25273729498797,47.771532726998,17.8617831647715
17-Nov-2023 08:15:00,-36.4310590951148,-3.25138540450082,47.7715327391643,17.8617831752809
17-Nov-2023 08:17:00,-36.103170602986,-3.21958159926693,47.7715330253826,17.8617875658233
17-Nov-2023 08:19:00,-36.1109155495231,-3.2196370067946,47.7715330248839,17.8617874621157
17-Nov-2023 08:21:00,-36.4302742992508,-3.25003358194133,47.77153275133,17.8617831857896
17-Nov-2023 08:23:00,-35.4597866147705,-4.06583834404235,47.7715254094969,17.8617961809616
17-Nov-2023 08:25:00,-35.4773782720972,-4.36864549454942,47.7715226843846,17.8617959454031
17-Nov-2023 08:27:00,-34.7859962209943,-3.69176188159562,47.7715287759972,17.8618052032524
17-Nov-2023 08:29:00,-35.1051840944657,-3.42353660041111,47.77153118989,17.8618009292143
17-Nov-2023 08:31:00,-35.4397791813978,-3.4605380834546,47.7715308568952,17.8617964488682
17-Nov-2023 08:33:00,-35.1075337401863,-3.43242592400924,47.7715311098906,17.8618008977518
17-Nov-2023 08:35:00,-35.4462501819414,-3.46366817485158,47.771530828726,17.8617963622192
17-Nov-2023 08:37:00,-35.4509748281265,-3.7667146030217,47.7715281014603,17.8617962989546
17-Nov-2023 08:39:00,-33.7884595314972,-3.30286609737305,47.7715322758639,17.8618185606202
17-Nov-2023 08:41:00,-34.1149183851045,-3.33778343807672,47.7715319616254,17.8618141892211
17-Nov-2023 08:43:00,-35.1104143458538,-3.43456351684542,47.7715310906533,17.8618008591794
17-Nov-2023 08:45:00,-35.1104791393957,-3.43704450135452,47.7715310683257,17.8618008583118
17-Nov-2023 08:47:00,-35.4545498065447,-3.76709444937228,47.7715280980419,17.8617962510843
17-Nov-2023 08:49:00,-35.4553295598141,-3.76905470435553,47.7715280804006,17.8617962406432
17-Nov-2023 08:51:00,-35.1090467949046,-3.4362856463973,47.771531075155,17.8618008774914
17-Nov-2023 08:53:00,-35.1181653215856,-3.73135313738105,47.7715284196958,17.8618007553911
17-Nov-2023 08:55:00,-35.1076306611907,-3.43614704280652,47.7715310764024,17.861800896454
17-Nov-2023 08:57:00,-35.782667335004,-3.80827326158339,47.7715277274533,17.861791857475
17-Nov-2023 08:59:00,-34.7819341897578,-3.70299523436142,47.7715286749027,17.8618052576445
17-Nov-2023 09:01:00,-35.4400795196843,-3.46930983075142,47.7715307779539,17.8617964448466
17-Nov-2023 09:03:00,-35.7680366624411,-3.197246230801,47.7715332263897,17.8617920533849
17-Nov-2023 09:05:00,-39.9941326629571,-13.8671924451689,47.7714372022325,17.8617354644702
17-Nov-2023 09:07:00,-39.1908815353991,-14.296082183679,47.7714333424403,17.8617462202859
17-Nov-2023 09:09:00,-38.8522061482084,-15.2424425552735,47.7714248256722,17.8617507552686
17-Nov-2023 09:11:00,-39.6013296337197,-14.0834890720518,47.7714352556715,17.8617407242412
17-Nov-2023 09:13:00,-34.1411058659506,-13.7087192355957,47.7714386284118,17.8618138385616
17-Nov-2023 09:15:00,-37.0765409667879,-14.1989499804501,47.7714342165813,17.8617745320511
17-Nov-2023 09:17:00,-38.8615965274328,-15.2445612832665,47.7714248066048,17.8617506295282
17-Nov-2023 09:19:00,-39.5989540762284,-14.0865370808721,47.771435228241,17.8617407560507
17-Nov-2023 09:21:00,-39.8266386410386,-12.3878427426114,47.7714505156369,17.8617377072742
17-Nov-2023 09:23:00,-40.0012553089079,-13.8665338121212,47.7714372081599,17.8617353690955
17-Nov-2023 09:25:00,-39.6814085560485,-14.837849511275,47.7714284668064,17.8617396519562
17-Nov-2023 09:27:00,-40.3211744521159,-16.5706352503901,47.7714128726051,17.8617310852654
17-Nov-2023 09:29:00,-41.7358428168047,-17.15371890441,47.771407625145,17.8617121423575
17-Nov-2023 09:31:00,-39.3467371193955,-15.8061201043892,47.7714197528574,17.8617441333247
17-Nov-2023 09:33:00,-37.8959302859335,-13.8162150813146,47.7714376610032,17.8617635601394
17-Nov-2023 09:35:00,-39.402732647116,-12.2544807976749,47.7714517158274,17.8617433835248
17-Nov-2023 09:37:00,-39.9518219584934,-13.4895354394708,47.7714406009559,17.8617360310254
17-Nov-2023 09:39:00,-39.1571365984726,-13.9232104131296,47.771436698099,17.8617466721425
17-Nov-2023 09:41:00,-39.8672146457087,-12.7500903170798,47.7714472555907,17.8617371639472
17-Nov-2023 09:43:00,-39.239810773533,-14.6664806523537,47.7714300090401,17.8617455651061
17-Nov-2023 09:45:00,-36.0208454000195,-9.01440092127002,47.771480874919,17.8617886681868
17-Nov-2023 09:47:00,-37.0148541118931,-13.1687507084393,47.7714434878574,17.8617753580599
17-Nov-2023 09:49:00,-36.556608336636,-12.3417367959334,47.7714509305673,17.8617814941323
17-Nov-2023 09:51:00,-36.5218896520144,-11.67388550962,47.7714569408934,17.8617819590277
17-Nov-2023 09:53:00,-35.2767555535688,-9.7413508427072,47.7714743327348,17.861798631812
17-Nov-2023 09:55:00,-36.4577354079762,-10.3756286328213,47.7714686245533,17.8617828180756
17-Nov-2023 09:57:00,-37.6535133892945,-10.7202016365996,47.7714655235693,17.8617668061871
17-Nov-2023 09:59:00,-37.6256873971977,-10.3843327965197,47.7714685462202,17.8617671787869
17-Nov-2023 10:01:00,-35.2734545038401,-9.42906269560164,47.7714771431713,17.8617986760143
17-Nov-2023 10:03:00,-36.9692635134729,-12.4695523691584,47.7714497802913,17.861775968534
17-Nov-2023 10:05:00,-39.5090196752417,-13.3315760519167,47.7714420225111,17.8617419603041
17-Nov-2023 10:07:00,-39.2651317890759,-15.0284563671814,47.7714267514405,17.8617452260488
17-Nov-2023 10:09:00,-36.0500461926391,-9.94743944616416,47.7714724780409,17.8617882771779
17-Nov-2023 10:11:00,-34.8796567429018,-8.72363767705948,47.7714834916422,17.8618039491051
17-Nov-2023 10:13:00,-35.3044007087461,-10.6711303699342,47.7714659651861,17.8617982616337
17-Nov-2023 10:15:00,-36.0443109340734,-9.63984131953286,47.7714752462696,17.861788353975
17-Nov-2023 10:17:00,-36.0558609487283,-9.94904393603866,47.7714724636013,17.8617881993163
17-Nov-2023 10:21:00,-38.8239370531601,-14.8650304882745,47.7714282221913,17.8617511338018
17-Nov-2023 10:25:00,-39.2333491367789,-14.6656263593638,47.7714300167283,17.8617456516297
17-Nov-2023 10:29:00,-39.8010289017521,-15.9829682653068,47.7714181613128,17.8617380501976
17-Nov-2023 10:37:00,-38.4456919002363,-15.4464958781946,47.7714229892948,17.8617561986377
17-Nov-2023 10:41:00,-37.5285990921675,-14.7314814530033,47.7714294240656,17.8617684788335
17-Nov-2023 10:45:00,-37.9065272140889,-14.1583440766106,47.7714345820141,17.8617634182428
17-Nov-2023 10:49:00,-35.9751353973002,-0.796915820275937,47.7715548281579,17.8617892802598
17-Nov-2023 10:53:00,-36.6541864462102,-1.73113219762402,47.7715464206797,17.861780187527
17-Nov-2023 10:57:00,-36.4649833905607,-3.87445440081928,47.7715271318563,17.8617827210226
17-Nov-2023 11:01:00,-36.7794379156532,-3.59718232324072,47.7715296271657,17.8617785103657
17-Nov-2023 11:05:00,-36.7950775297864,-3.90498129741182,47.7715268571295,17.8617783009457
17-Nov-2023 11:09:00,-36.7744292076379,-3.56494435086957,47.7715299172913,17.8617785774341
17-Nov-2023 11:13:00,-36.7785184619595,-3.58348390765803,47.7715297504446,17.8617785226775
17-Nov-2023 11:17:00,-36.8091986216252,-3.9123271340482,47.7715267910207,17.8617781118594
17-Nov-2023 11:21:00,-36.7824354027539,-3.59941984646873,47.7715296070291,17.8617784702283
17-Nov-2023 11:25:00,-36.803286890342,-3.90975002184833,47.7715268142134,17.8617781910195
17-Nov-2023 11:29:00,-36.8042039477333,-3.90205237083915,47.7715268834884,17.8617781787398
17-Nov-2023 11:33:00,-36.7978146558911,-3.91371518292621,47.771526778529,17.8617782642947
17-Nov-2023 11:37:00,-34.7685181151309,-3.1091242559214,47.7715340194432,17.8618054372904
17-Nov-2023 11:41:00,-36.8006606901443,-3.91336832234415,47.7715267816505,17.8617782261853
17-Nov-2023 11:45:00,-36.1219699198199,-3.84119660283026,47.7715274311598,17.8617873140938
17-Nov-2023 11:49:00,-36.4426912757523,-3.56874205601041,47.7715298831138,17.8617830195219
17-Nov-2023 11:53:00,-35.7723085968466,-3.49678993737943,47.7715305306468,17.8617919961822
17-Nov-2023 11:57:00,-35.4325021925812,-3.16600664758326,47.7715335075303,17.8617965463097
17-Nov-2023 12:01:00,-35.7776200040079,-3.48848368949484,47.7715306053988,17.8617919250606
17-Nov-2023 12:05:00,-34.7760683778099,-3.10062248481249,47.7715340959549,17.8618053361898
17-Nov-2023 12:09:00,-35.1067171277534,-3.13195582003235,47.7715338139706,17.8618009086865
17-Nov-2023 12:13:00,-35.1202149641012,-3.13872064975736,47.7715337530905,17.8618007279457
17-Nov-2023 12:17:00,-34.7804202943943,-3.10896482078079,47.771534020878,17.8618052779161
17-Nov-2023 12:21:00,-34.4566629086797,-3.36393400158899,47.7715317262835,17.8618096131416
17-Nov-2023 12:25:00,-34.4551282637572,-3.06958304447195,47.7715343752942,17.861809633691
17-Nov-2023 12:29:00,-36.4496753671807,-3.5546544167623,47.7715300098955,17.8617829260024
17-Nov-2023 12:33:00,-35.7697759392702,-3.18859185239551,47.7715333042747,17.8617920300953
17-Nov-2023 12:37:00,-39.2772344995235,-15.0393764515482,47.7714266531652,17.8617450639892
17-Nov-2023 12:41:00,-39.4353042303631,-16.5673575741318,47.7714129021025,17.8617429473798
17-Nov-2023 12:45:00,-39.0936187826891,-13.1921668336741,47.771443277124,17.8617475226684
17-Nov-2023 12:49:00,-39.0956086607922,-13.1943584331517,47.7714432574007,17.8617474960232
17-Nov-2023 12:53:00,-39.0891349886687,-13.1739376532138,47.7714434411775,17.861747582708
17-Nov-2023 12:57:00,-36.6888538887425,-14.7175933847662,47.7714295490512,17.8617797233177
17-Nov-2023 13:01:00,-34.4255168695821,-0.173643832660844,47.7715604372927,17.861810030198
17-Nov-2023 13:05:00,-36.1654240791277,1.32170153844084,47.77157389465,17.8617867322273
17-Nov-2023 13:09:00,-36.4498555592569,-3.54568111876239,47.7715300906507,17.8617829235896
17-Nov-2023 13:13:00,-36.4534004200607,-3.55758684100675,47.7715299835052,17.8617828761226
17-Nov-2023 13:17:00,-36.1368313195634,-3.83831214489436,47.7715274571184,17.8617871150945
17-Nov-2023 13:21:00,-36.4614957218951,-3.87601451416796,47.771527117816,17.8617827677237
17-Nov-2023 13:25:00,-36.1181416755429,-3.52741358024152,47.7715302550494,17.8617873653554
17-Nov-2023 13:29:00,-33.7980670881654,-3.01104592836146,47.7715349020989,17.8618184319717
17-Nov-2023 13:37:00,-34.1279001736619,-2.74346766347841,47.7715373101689,17.8618140153904
17-Nov-2023 13:41:00,-35.4305987657295,-2.86686085858305,47.7715361996921,17.8617965717972
17-Nov-2023 13:45:00,-35.7886909887179,-3.49902193771642,47.7715305105599,17.8617917768162
17-Nov-2023 13:49:00,-35.4554520023748,-3.46394261854254,47.7715308262561,17.8617962390036
17-Nov-2023 13:53:00,-36.1564012993245,-4.1374012966111,47.7715247654663,17.8617868530455
17-Nov-2023 13:57:00,-35.7759083441763,-3.18410361727576,47.7715333446666,17.8617919479803
17-Nov-2023 14:01:00,-35.7853862381995,-3.48797991614992,47.7715306099325,17.8617918210679
17-Nov-2023 14:05:00,-35.7840455025098,-3.48974069353854,47.7715305940864,17.8617918390209
17-Nov-2023 14:09:00,-35.7810666731406,-3.48629803439905,47.7715306250686,17.8617918789084
17-Nov-2023 14:13:00,-36.1178811427298,-3.52229709688168,47.7715303010951,17.861787368844
17-Nov-2023 14:17:00,-36.6614084149269,-1.71736516772719,47.771546544576,17.8617800908223
17-Nov-2023 14:21:00,-36.0879008445733,-2.90609929458158,47.7715358465659,17.8617877702908
17-Nov-2023 14:25:00,-35.7482635564072,-2.88063278319218,47.7715360757517,17.8617923181537
17-Nov-2023 14:29:00,-37.0936337753356,-3.30595073009813,47.7715322481038,17.8617743031724
17-Nov-2023 14:33:00,-37.0935842397828,-3.30529376865551,47.7715322540161,17.8617743038357
17-Nov-2023 14:37:00,-36.4908328788305,-4.17825144678877,47.7715243978354,17.8617823748888
17-Nov-2023 14:41:00,-41.6032509487929,-13.2924939401146,47.7714423742305,17.8617139178093
17-Nov-2023 14:45:00,-38.8969396742495,-11.3860530023698,47.7714595312414,17.861750156271
17-Nov-2023 14:49:00,-39.8168927907131,-12.3642357812711,47.7714507280877,17.8617378377746
17-Nov-2023 14:53:00,-39.7312730216103,-11.6528713608058,47.7714571300102,17.8617389842534
17-Nov-2023 14:57:00,-39.7282173959776,-11.6414334537589,47.7714572329456,17.8617390251693
