datetime,x (m),y(m)
16-Sep-2023 23:25:58,-149.92,-2050.41
17-Sep-2023 17:15:58,-50.69,-23.96
17-Sep-2023 17:25:58,-53.37,-19.99
17-Sep-2023 17:35:57,-59.95,-23.40
17-Sep-2023 17:45:57,-57.35,-20.36
17-Sep-2023 18:15:57,-63.50,-22.52
17-Sep-2023 18:25:56,-63.01,-21.20
17-Sep-2023 18:35:57,-39.99,-14.73
17-Sep-2023 18:45:56,-55.78,-22.38
17-Sep-2023 18:55:56,-56.64,-23.24
17-Sep-2023 19:05:56,-49.71,-23.32
17-Sep-2023 20:35:56,-63.25,-8.06
17-Sep-2023 20:45:56,-43.84,-13.53
17-Sep-2023 23:35:56,-86.39,-4.57
17-Sep-2023 23:45:57,-76.92,-5.32
17-Sep-2023 23:55:57,-67.48,-6.63
18-Sep-2023 00:05:56,-57.52,-7.33
18-Sep-2023 00:15:56,-51.49,-16.35
18-Sep-2023 00:25:56,-41.72,-22.16
18-Sep-2023 00:35:57,-63.20,-20.65
18-Sep-2023 00:45:56,-62.12,-24.92
18-Sep-2023 00:55:56,-82.94,-24.12
18-Sep-2023 01:05:56,-61.32,-21.72
18-Sep-2023 01:15:57,-57.64,-23.67
18-Sep-2023 01:25:56,-56.49,-23.20
18-Sep-2023 01:35:56,-59.68,-22.25
18-Sep-2023 01:45:57,-57.83,-23.19
18-Sep-2023 01:55:57,-63.67,-24.34
18-Sep-2023 02:05:57,-59.21,-23.19
18-Sep-2023 02:15:57,-57.24,-26.61
18-Sep-2023 02:25:56,-51.62,-27.98
18-Sep-2023 06:15:57,-49.65,-23.31
18-Sep-2023 06:25:56,-48.34,-23.18
18-Sep-2023 06:35:57,-54.70,-26.22
18-Sep-2023 06:45:57,-49.71,-23.34
18-Sep-2023 06:55:57,-49.61,-23.28
18-Sep-2023 07:05:57,-53.88,-25.31
18-Sep-2023 07:15:56,-51.55,-24.71
18-Sep-2023 07:25:56,-52.65,-25.24
18-Sep-2023 07:35:57,-47.24,-22.65
18-Sep-2023 07:45:57,-44.22,-20.76
18-Sep-2023 07:55:56,-49.43,-23.71
18-Sep-2023 08:05:57,-48.33,-23.18
18-Sep-2023 08:15:56,-49.21,-24.08
18-Sep-2023 08:25:56,-46.54,-23.74
18-Sep-2023 08:35:56,-57.43,-28.71
18-Sep-2023 08:45:56,-48.93,-24.45
18-Sep-2023 08:55:56,-58.53,-29.29
18-Sep-2023 09:05:56,-56.41,-28.24
18-Sep-2023 09:15:56,-52.35,-25.67
18-Sep-2023 09:25:56,-50.25,-24.63
18-Sep-2023 09:35:56,-56.91,-27.32
18-Sep-2023 09:45:56,-55.02,-25.86
18-Sep-2023 09:55:56,-38.53,-18.50
18-Sep-2023 10:05:56,-53.44,-26.21
18-Sep-2023 10:15:56,-48.55,-22.84
18-Sep-2023 10:25:56,-57.15,-26.84
18-Sep-2023 10:35:56,-57.97,-27.81
18-Sep-2023 10:45:56,-65.38,-31.40
18-Sep-2023 10:55:56,-49.21,-24.16
18-Sep-2023 11:05:56,-55.83,-26.83
18-Sep-2023 11:15:56,-53.73,-25.82
18-Sep-2023 11:25:56,-55.58,-27.26
18-Sep-2023 11:35:56,-62.18,-29.89
18-Sep-2023 11:45:56,-60.11,-28.88
18-Sep-2023 11:55:56,-60.32,-30.87
18-Sep-2023 12:05:56,-52.89,-24.88
18-Sep-2023 12:15:56,-61.10,-26.93
18-Sep-2023 12:25:56,-65.35,-28.79
18-Sep-2023 12:35:57,-58.74,-24.18
18-Sep-2023 12:45:57,-48.69,-24.89
18-Sep-2023 12:55:56,-44.51,-20.50
18-Sep-2023 13:05:57,-45.34,-21.33
18-Sep-2023 13:15:56,-60.89,-27.44
18-Sep-2023 13:25:57,-58.79,-28.85
18-Sep-2023 13:35:56,-35.22,-16.93
18-Sep-2023 13:45:57,-56.91,-27.34
18-Sep-2023 13:55:56,-77.49,-35.69
18-Sep-2023 14:05:56,-53.50,-28.47
18-Sep-2023 14:15:56,-61.92,-27.95
18-Sep-2023 14:25:56,-67.50,-32.50
18-Sep-2023 14:35:56,-48.82,-22.52
18-Sep-2023 14:45:56,-38.07,-19.10
18-Sep-2023 14:55:57,-43.61,-19.68
18-Sep-2023 15:05:56,-55.51,-25.03
18-Sep-2023 15:15:56,-63.51,-27.37
18-Sep-2023 15:25:56,-38.29,-22.87
18-Sep-2023 15:35:56,-53.18,-26.66
18-Sep-2023 15:45:56,-54.01,-27.61
18-Sep-2023 15:55:56,-54.81,-27.45
18-Sep-2023 16:05:56,-54.83,-28.60
18-Sep-2023 16:15:56,-46.56,-23.81
18-Sep-2023 16:25:56,-52.98,-27.07
18-Sep-2023 16:35:56,-45.82,-16.67
18-Sep-2023 16:45:56,-34.70,-11.99
18-Sep-2023 16:55:57,-47.05,-13.07
18-Sep-2023 17:55:56,-73.77,-29.62
18-Sep-2023 18:05:57,-63.05,-14.49
18-Sep-2023 18:15:56,-71.92,-25.50
18-Sep-2023 18:25:56,-80.41,-11.60
18-Sep-2023 18:55:56,-61.54,-8.90
18-Sep-2023 19:05:56,-79.40,-6.84
18-Sep-2023 19:15:57,-93.77,-2.65
18-Sep-2023 19:25:57,-114.60,9.02
18-Sep-2023 19:35:56,-89.68,3.37
18-Sep-2023 19:45:57,-95.40,-0.35
18-Sep-2023 19:55:56,-87.52,0.43
18-Sep-2023 20:05:57,-60.38,-10.75
18-Sep-2023 20:15:57,-71.82,-3.19
18-Sep-2023 20:25:57,-56.94,-3.00
18-Sep-2023 20:35:57,-56.16,-13.36
18-Sep-2023 20:45:57,-61.68,-19.03
18-Sep-2023 20:55:56,-52.95,-24.86
18-Sep-2023 21:05:56,-58.56,-30.48
18-Sep-2023 21:15:56,-66.19,-32.42
18-Sep-2023 21:45:56,-48.54,-18.78
18-Sep-2023 21:55:57,-72.24,-19.71
18-Sep-2023 22:05:57,-73.88,-3.27
18-Sep-2023 22:15:57,-91.74,-21.02
18-Sep-2023 22:25:57,-100.64,-6.97
18-Sep-2023 22:35:56,-92.69,6.55
18-Sep-2023 22:45:56,-102.77,7.23
18-Sep-2023 22:55:57,-84.02,8.72
18-Sep-2023 23:05:56,-62.44,-0.22
18-Sep-2023 23:15:57,-60.95,-4.23
18-Sep-2023 23:25:57,-82.33,7.16
18-Sep-2023 23:55:56,-82.72,-2.98
19-Sep-2023 00:05:57,-77.24,-0.89
19-Sep-2023 00:35:56,-53.60,-7.72
19-Sep-2023 00:45:57,-58.97,-19.25
19-Sep-2023 00:55:56,-65.92,-30.26
19-Sep-2023 01:05:57,-49.32,-26.19
19-Sep-2023 01:15:56,-51.99,-30.99
19-Sep-2023 01:25:56,-46.64,-32.70
19-Sep-2023 02:05:57,-38.66,-10.89
19-Sep-2023 03:15:57,-98.34,8.55
19-Sep-2023 03:25:56,-100.11,3.76
19-Sep-2023 03:35:57,-98.51,-15.04
19-Sep-2023 03:45:56,-101.94,-5.39
19-Sep-2023 03:55:57,-95.03,5.95
19-Sep-2023 04:05:56,-82.90,-3.71
19-Sep-2023 04:35:57,-44.96,-4.99
19-Sep-2023 04:45:56,-47.31,-14.61
19-Sep-2023 04:55:57,-59.47,-4.64
19-Sep-2023 06:15:56,-48.14,-19.31
19-Sep-2023 06:25:57,-41.41,-18.64
19-Sep-2023 06:35:57,-21.85,-9.83
19-Sep-2023 06:45:57,-36.51,-17.16
19-Sep-2023 06:55:56,-50.47,-24.23
19-Sep-2023 07:05:57,-50.16,-23.58
19-Sep-2023 07:15:57,-49.11,-24.09
19-Sep-2023 07:25:56,-63.71,-29.30
19-Sep-2023 07:35:56,-46.70,-23.37
19-Sep-2023 07:45:57,-53.03,-22.30
19-Sep-2023 07:55:57,-38.50,-18.46
19-Sep-2023 08:05:56,-35.87,-17.93
19-Sep-2023 08:15:57,-47.05,-23.05
19-Sep-2023 08:25:56,-41.30,-22.83
19-Sep-2023 08:35:57,-50.07,-20.56
19-Sep-2023 08:45:56,-46.90,-21.10
19-Sep-2023 08:55:56,-37.83,-17.39
19-Sep-2023 09:05:56,-54.97,-11.18
19-Sep-2023 09:15:56,-44.55,-18.29
19-Sep-2023 09:25:56,-60.29,-23.60
19-Sep-2023 09:35:56,-60.31,-25.95
19-Sep-2023 09:45:56,-45.96,-22.50
19-Sep-2023 10:25:56,-60.83,-27.36
19-Sep-2023 10:35:56,-69.30,-23.28
19-Sep-2023 10:45:56,-48.95,-24.48
19-Sep-2023 10:55:56,-44.17,-23.00
19-Sep-2023 11:05:57,-47.85,-23.94
19-Sep-2023 11:15:56,-42.26,-21.57
19-Sep-2023 11:25:57,-50.02,-25.02
19-Sep-2023 11:35:56,-51.92,-26.52
19-Sep-2023 11:45:56,-47.65,-24.31
19-Sep-2023 11:55:56,-44.46,-22.71
19-Sep-2023 12:05:57,-56.98,-27.35
19-Sep-2023 12:15:56,-47.70,-24.33
19-Sep-2023 12:25:56,-49.47,-23.74
19-Sep-2023 12:35:56,-70.14,-35.06
19-Sep-2023 12:45:56,-52.17,-26.09
19-Sep-2023 12:55:56,-50.28,-24.61
19-Sep-2023 13:05:56,-53.50,-26.20
19-Sep-2023 13:15:56,-56.20,-28.69
19-Sep-2023 13:25:56,-54.09,-27.61
19-Sep-2023 13:35:56,-54.35,-27.20
19-Sep-2023 13:45:56,-52.49,-25.72
19-Sep-2023 13:55:56,-52.19,-26.13
19-Sep-2023 14:05:56,-51.39,-25.19
19-Sep-2023 14:15:56,-55.63,-27.25
19-Sep-2023 14:25:56,-59.11,-30.80
19-Sep-2023 14:35:57,-50.10,-27.20
19-Sep-2023 14:45:56,-52.12,-24.00
19-Sep-2023 15:05:56,-61.17,-29.40
19-Sep-2023 15:15:56,-66.95,-30.87
19-Sep-2023 15:25:56,-59.85,-29.40
19-Sep-2023 15:35:56,-47.58,-22.36
19-Sep-2023 15:45:56,-55.07,-25.90
19-Sep-2023 15:55:56,-55.09,-25.91
19-Sep-2023 16:05:56,-55.90,-26.85
19-Sep-2023 16:15:56,-56.40,-25.95
19-Sep-2023 16:25:56,-52.70,-25.30
19-Sep-2023 16:35:56,-52.73,-25.34
19-Sep-2023 16:45:56,-51.62,-24.78
19-Sep-2023 16:55:56,-54.04,-25.39
19-Sep-2023 17:05:57,-51.40,-25.19
19-Sep-2023 17:15:57,-69.86,-27.38
19-Sep-2023 17:25:57,-70.38,-18.62
19-Sep-2023 17:35:56,-88.05,-32.90
19-Sep-2023 17:45:57,-70.61,-31.11
19-Sep-2023 17:55:57,-43.35,-22.16
19-Sep-2023 18:05:57,-40.77,-17.56
19-Sep-2023 18:15:56,-49.40,-17.53
19-Sep-2023 18:45:56,-99.96,0.37
19-Sep-2023 18:55:57,-94.68,5.08
19-Sep-2023 19:05:57,-100.15,0.84
19-Sep-2023 19:15:57,-97.94,-3.60
19-Sep-2023 19:25:57,-87.71,9.07
19-Sep-2023 19:35:57,-80.50,3.66
19-Sep-2023 19:45:56,-55.59,-4.79
19-Sep-2023 19:55:57,-54.98,-5.65
19-Sep-2023 20:05:57,-50.05,-12.58
19-Sep-2023 20:15:57,-65.03,-26.74
19-Sep-2023 20:25:57,-50.36,-22.17
19-Sep-2023 20:35:57,-61.32,-28.82
19-Sep-2023 20:45:57,-63.98,-28.80
19-Sep-2023 20:55:57,-54.40,-24.48
19-Sep-2023 21:05:57,-57.61,-25.95
19-Sep-2023 21:15:57,-60.80,-27.37
19-Sep-2023 21:25:57,-51.21,-23.04
19-Sep-2023 22:15:57,-88.65,-17.30
19-Sep-2023 22:55:57,-65.72,-0.24
19-Sep-2023 23:05:56,-79.50,-4.23
19-Sep-2023 23:15:57,-52.20,-15.19
19-Sep-2023 23:25:57,-63.33,-9.67
19-Sep-2023 23:35:57,-75.47,-4.01
19-Sep-2023 23:45:57,-51.58,-12.29
19-Sep-2023 23:55:57,-55.71,-24.52
20-Sep-2023 00:05:57,-67.35,-29.69
20-Sep-2023 00:15:57,-57.58,-25.92
20-Sep-2023 00:25:57,-59.41,-25.00
20-Sep-2023 00:35:57,-53.60,-23.59
20-Sep-2023 00:45:57,-50.06,-22.52
20-Sep-2023 00:55:57,-50.32,-22.16
20-Sep-2023 01:05:57,-50.11,-22.54
20-Sep-2023 01:15:56,-67.07,-30.17
20-Sep-2023 01:25:57,-85.28,-37.54
20-Sep-2023 01:35:57,-69.50,-30.58
20-Sep-2023 02:05:57,-52.62,-12.53
20-Sep-2023 02:35:57,-71.82,-6.77
20-Sep-2023 02:45:56,-77.03,0.98
20-Sep-2023 02:55:56,-94.43,11.35
20-Sep-2023 03:05:57,-101.36,15.59
20-Sep-2023 04:35:56,-74.52,-33.53
20-Sep-2023 04:45:57,-68.46,-30.13
20-Sep-2023 04:55:56,-58.40,-26.85
20-Sep-2023 05:05:56,-55.99,-26.29
20-Sep-2023 05:15:57,-56.27,-25.89
20-Sep-2023 05:25:57,-56.28,-25.91
20-Sep-2023 05:35:57,-56.52,-25.45
20-Sep-2023 05:45:57,-57.34,-26.37
20-Sep-2023 05:55:57,-60.53,-27.85
20-Sep-2023 06:05:57,-58.40,-26.86
20-Sep-2023 06:15:56,-58.41,-26.87
20-Sep-2023 06:25:56,-57.09,-26.83
20-Sep-2023 06:35:57,-58.94,-25.95
20-Sep-2023 06:45:56,-60.58,-27.87
20-Sep-2023 06:55:56,-56.31,-25.91
20-Sep-2023 07:05:57,-52.87,-24.85
20-Sep-2023 07:15:56,-60.56,-27.88
20-Sep-2023 07:25:57,-59.47,-27.36
20-Sep-2023 07:35:57,-61.65,-28.37
20-Sep-2023 07:45:56,-62.73,-28.89
20-Sep-2023 07:55:57,-58.22,-27.36
20-Sep-2023 08:05:56,-55.83,-26.79
20-Sep-2023 08:15:57,-50.45,-22.20
20-Sep-2023 08:25:57,-50.06,-18.66
20-Sep-2023 08:35:57,-39.25,-13.90
20-Sep-2023 08:45:56,-38.94,-12.39
20-Sep-2023 08:55:57,-40.94,-10.85
20-Sep-2023 09:05:56,-43.02,-9.17
20-Sep-2023 09:15:56,-47.41,-24.75
20-Sep-2023 09:25:56,-59.86,-26.98
20-Sep-2023 09:35:56,-55.09,-28.19
20-Sep-2023 10:05:56,-55.07,-28.18
20-Sep-2023 10:15:56,-52.51,-27.96
20-Sep-2023 10:25:56,-53.56,-28.53
20-Sep-2023 10:35:56,-50.56,-28.83
20-Sep-2023 10:45:57,-50.69,-30.88
20-Sep-2023 10:55:57,-47.88,-30.80
20-Sep-2023 11:05:57,-54.35,-29.54
20-Sep-2023 11:15:57,-53.03,-29.39
20-Sep-2023 11:25:56,-52.73,-27.58
20-Sep-2023 11:35:56,-53.79,-28.15
20-Sep-2023 11:45:57,-52.24,-28.44
20-Sep-2023 11:55:56,-52.73,-27.58
20-Sep-2023 12:05:57,-53.55,-28.56
20-Sep-2023 12:15:57,-50.05,-25.13
20-Sep-2023 12:25:56,-53.81,-28.13
20-Sep-2023 12:35:57,-52.18,-26.22
20-Sep-2023 12:45:57,-47.67,-33.55
20-Sep-2023 12:55:57,-45.52,-23.31
20-Sep-2023 13:05:57,-45.35,-30.28
20-Sep-2023 13:15:56,-48.63,-21.97
20-Sep-2023 13:25:57,-44.82,-24.40
20-Sep-2023 13:35:57,-59.05,-23.79
20-Sep-2023 15:25:57,-47.95,-33.15
20-Sep-2023 15:35:57,-43.98,-32.33
20-Sep-2023 15:45:57,-47.18,-36.82
20-Sep-2023 15:55:57,-46.62,-35.16
20-Sep-2023 16:05:57,-48.86,-29.24
20-Sep-2023 16:15:57,-50.44,-33.68
20-Sep-2023 16:25:57,-48.93,-36.28
20-Sep-2023 16:35:57,-45.47,-39.56
20-Sep-2023 18:55:56,-106.13,1.25
20-Sep-2023 19:05:57,-85.29,-13.81
20-Sep-2023 19:15:57,-68.91,-8.25
20-Sep-2023 19:25:57,-52.89,-16.36
20-Sep-2023 19:35:57,-39.81,-9.49
20-Sep-2023 19:45:57,-67.35,-1.37
20-Sep-2023 19:55:57,-84.11,-3.09
20-Sep-2023 20:05:57,-84.98,1.06
20-Sep-2023 20:15:57,-80.22,-2.96
20-Sep-2023 20:25:57,-81.15,7.69
20-Sep-2023 20:55:57,-103.84,-4.69
20-Sep-2023 21:05:57,-116.17,19.77
20-Sep-2023 21:15:57,-96.50,12.38
20-Sep-2023 21:45:57,-53.55,-2.40
20-Sep-2023 21:55:57,-60.08,-0.22
20-Sep-2023 22:05:57,-71.39,-3.80
20-Sep-2023 22:15:57,-57.74,-3.55
20-Sep-2023 22:25:57,-37.92,-11.72
20-Sep-2023 22:35:57,-56.04,-26.33
20-Sep-2023 22:45:57,-57.64,-25.92
20-Sep-2023 23:25:57,-55.25,-25.40
20-Sep-2023 23:35:57,-55.76,-24.54
20-Sep-2023 23:45:57,-53.93,-25.39
20-Sep-2023 23:55:57,-52.59,-25.24
21-Sep-2023 00:05:57,-60.05,-26.44
21-Sep-2023 00:15:57,-55.32,-30.00
21-Sep-2023 00:25:57,-61.87,-16.40
21-Sep-2023 00:35:57,-66.66,-2.44
21-Sep-2023 00:45:57,-74.47,-12.64
21-Sep-2023 00:55:57,-64.99,0.31
21-Sep-2023 01:05:57,-52.93,-3.23
21-Sep-2023 01:15:57,-63.13,-4.40
21-Sep-2023 01:25:57,-70.88,2.67
21-Sep-2023 01:35:57,-65.48,-9.18
21-Sep-2023 01:45:57,-61.04,-19.97
21-Sep-2023 01:55:57,-54.23,-16.26
21-Sep-2023 02:05:57,-61.87,-25.42
21-Sep-2023 02:15:57,-57.88,-23.23
21-Sep-2023 02:25:57,-56.56,-23.24
21-Sep-2023 02:35:57,-58.71,-24.11
21-Sep-2023 02:45:57,-74.76,-30.02
21-Sep-2023 02:55:57,-67.19,-27.61
21-Sep-2023 03:05:57,-60.00,-24.08
21-Sep-2023 03:15:57,-60.54,-25.45
21-Sep-2023 03:25:57,-71.38,-29.32
21-Sep-2023 03:35:57,-63.13,-14.21
21-Sep-2023 03:45:57,-77.58,-4.11
21-Sep-2023 03:55:57,-87.05,-5.35
21-Sep-2023 04:05:57,-88.11,-7.59
21-Sep-2023 04:15:57,-82.97,8.58
21-Sep-2023 04:25:57,-75.81,4.08
21-Sep-2023 04:35:56,-66.12,0.29
21-Sep-2023 04:45:57,-72.21,-6.21
21-Sep-2023 05:15:57,-58.41,-22.35
21-Sep-2023 05:25:57,-42.22,-10.05
21-Sep-2023 05:35:57,-49.95,-6.37
21-Sep-2023 05:45:56,-53.27,-8.13
21-Sep-2023 05:55:57,-51.02,-23.47
21-Sep-2023 06:05:56,-61.67,-28.41
21-Sep-2023 06:15:57,-52.09,-23.97
21-Sep-2023 06:25:57,-57.41,-26.40
21-Sep-2023 06:35:57,-49.95,-22.96
21-Sep-2023 06:45:57,-52.35,-23.56
21-Sep-2023 06:55:57,-56.08,-26.35
21-Sep-2023 07:05:57,-55.01,-25.84
21-Sep-2023 07:15:57,-55.28,-25.42
21-Sep-2023 07:25:57,-54.20,-24.94
21-Sep-2023 07:35:57,-53.94,-25.34
21-Sep-2023 07:45:56,-52.09,-23.95
21-Sep-2023 07:55:56,-53.14,-24.46
21-Sep-2023 08:05:57,-48.83,-22.46
21-Sep-2023 08:15:57,-49.65,-23.35
21-Sep-2023 08:25:57,-49.67,-23.35
21-Sep-2023 08:35:57,-51.80,-24.35
21-Sep-2023 08:45:56,-56.36,-25.95
21-Sep-2023 08:55:57,-49.67,-23.37
21-Sep-2023 09:05:57,-48.39,-23.26
21-Sep-2023 09:15:56,-49.96,-23.02
21-Sep-2023 09:25:56,-53.45,-24.10
21-Sep-2023 09:35:56,-53.17,-24.49
21-Sep-2023 09:45:56,-51.01,-23.50
21-Sep-2023 09:55:57,-48.67,-22.90
21-Sep-2023 10:05:56,-53.15,-24.45
21-Sep-2023 10:15:57,-49.93,-22.98
21-Sep-2023 10:25:57,-52.33,-23.56
21-Sep-2023 10:35:56,-52.11,-23.99
21-Sep-2023 10:45:57,-55.28,-25.44
21-Sep-2023 10:55:56,-57.44,-26.43
21-Sep-2023 11:05:57,-55.55,-25.00
21-Sep-2023 11:15:57,-53.96,-25.36
21-Sep-2023 11:25:56,-52.99,-24.90
21-Sep-2023 11:35:56,-59.78,-26.93
21-Sep-2023 11:45:57,-53.94,-25.36
21-Sep-2023 11:55:56,-51.85,-24.39
21-Sep-2023 12:05:56,-46.48,-21.85
21-Sep-2023 12:15:56,-66.93,-28.18
21-Sep-2023 12:25:57,-54.28,-27.17
21-Sep-2023 12:35:57,-49.51,-23.78
21-Sep-2023 12:45:56,-47.31,-22.74
21-Sep-2023 12:55:57,-58.03,-27.88
21-Sep-2023 13:05:56,-55.38,-27.74
21-Sep-2023 13:15:57,-50.90,-26.04
21-Sep-2023 13:25:57,-48.18,-23.67
21-Sep-2023 13:35:57,-54.83,-28.65
21-Sep-2023 13:45:57,-57.48,-28.85
21-Sep-2023 13:55:57,-53.25,-26.74
21-Sep-2023 14:05:57,-51.69,-27.02
21-Sep-2023 14:15:57,-52.17,-26.20
21-Sep-2023 14:25:57,-45.27,-23.66
21-Sep-2023 14:35:57,-46.89,-25.50
21-Sep-2023 14:45:57,-47.88,-24.04
21-Sep-2023 14:55:57,-50.33,-26.83
21-Sep-2023 15:05:57,-44.91,-26.38
21-Sep-2023 15:15:57,-43.48,-24.11
21-Sep-2023 15:25:57,-46.12,-24.62
21-Sep-2023 15:35:57,-46.68,-25.91
21-Sep-2023 15:45:57,-49.05,-26.68
21-Sep-2023 15:55:57,-51.93,-26.58
21-Sep-2023 16:05:57,-49.53,-25.86
21-Sep-2023 16:15:57,-49.49,-25.86
21-Sep-2023 16:25:57,-52.66,-27.50
21-Sep-2023 16:35:57,-52.50,-30.25
21-Sep-2023 16:45:57,-52.25,-30.65
21-Sep-2023 16:55:57,-56.18,-28.74
21-Sep-2023 17:05:57,-47.67,-24.40
21-Sep-2023 17:15:57,-48.24,-25.70
21-Sep-2023 17:25:57,-61.40,-24.14
21-Sep-2023 17:35:57,-73.56,-19.50
21-Sep-2023 17:45:57,-81.45,-11.81
21-Sep-2023 18:15:57,-37.38,-16.30
21-Sep-2023 18:25:57,-45.54,-23.30
21-Sep-2023 18:35:57,-70.67,-25.75
21-Sep-2023 18:45:57,-77.69,-20.58
21-Sep-2023 18:55:57,-86.79,-16.98
21-Sep-2023 19:05:57,-92.51,-9.16
21-Sep-2023 19:15:57,-82.51,-0.35
21-Sep-2023 19:25:57,-74.48,-5.21
21-Sep-2023 19:35:57,-69.31,-3.72
21-Sep-2023 19:45:57,-65.38,-1.88
21-Sep-2023 19:55:57,-57.70,-5.46
21-Sep-2023 20:05:57,-55.73,-2.97
21-Sep-2023 20:15:57,-66.62,-0.81
21-Sep-2023 20:25:57,-69.05,-12.32
21-Sep-2023 20:35:57,-68.13,-1.97
21-Sep-2023 20:45:57,-61.96,-6.37
21-Sep-2023 20:55:57,-52.90,-22.77
21-Sep-2023 21:05:57,-55.59,-25.02
21-Sep-2023 21:15:56,-58.24,-27.39
21-Sep-2023 21:25:57,-58.51,-26.93
21-Sep-2023 21:35:56,-60.08,-28.85
21-Sep-2023 21:45:56,-63.35,-25.42
21-Sep-2023 21:55:57,-44.08,-15.22
21-Sep-2023 22:05:57,-51.80,-10.32
21-Sep-2023 22:15:57,-68.00,-4.16
21-Sep-2023 22:25:57,-94.67,-5.41
21-Sep-2023 22:35:57,-105.46,-5.61
21-Sep-2023 22:45:57,-112.09,-7.79
21-Sep-2023 22:55:57,-108.94,10.39
21-Sep-2023 23:05:57,-83.86,-3.77
21-Sep-2023 23:15:56,-65.66,-2.40
22-Sep-2023 00:15:57,-54.92,-19.50
22-Sep-2023 00:25:57,-48.20,-15.34
22-Sep-2023 00:35:57,-46.18,-14.26
22-Sep-2023 00:45:57,-50.71,-15.67
22-Sep-2023 00:55:57,-50.55,-17.94
22-Sep-2023 01:05:57,-47.70,-16.05
22-Sep-2023 01:15:57,-47.39,-24.73
22-Sep-2023 01:25:57,-53.31,-19.90
22-Sep-2023 01:35:57,-48.34,-23.23
22-Sep-2023 01:45:57,-34.51,-12.23
22-Sep-2023 01:55:56,-50.95,-6.08
22-Sep-2023 02:05:57,-49.75,-7.61
22-Sep-2023 02:15:57,-57.13,-4.45
22-Sep-2023 02:25:57,-65.15,-1.32
22-Sep-2023 02:35:57,-77.16,2.87
22-Sep-2023 02:45:57,-84.21,-0.67
22-Sep-2023 02:55:57,-62.70,-3.33
22-Sep-2023 03:05:57,-51.33,-10.89
22-Sep-2023 03:15:57,-64.27,-18.99
22-Sep-2023 03:25:57,-59.54,-22.80
22-Sep-2023 03:35:57,-34.49,-12.24
22-Sep-2023 03:45:57,-38.77,-14.47
22-Sep-2023 03:55:57,-28.42,-10.08
22-Sep-2023 04:05:57,-31.70,-11.83
22-Sep-2023 04:15:57,-38.53,-14.75
22-Sep-2023 04:25:56,-55.64,-30.79
22-Sep-2023 04:35:57,-76.35,-42.22
22-Sep-2023 04:45:57,-83.03,-34.13
22-Sep-2023 04:55:57,-73.32,-33.73
22-Sep-2023 06:05:57,-72.45,-29.79
22-Sep-2023 06:35:57,-54.60,-29.06
22-Sep-2023 07:05:57,-63.51,-24.90
22-Sep-2023 07:15:56,-48.95,-24.52
22-Sep-2023 07:25:57,-54.58,-26.76
22-Sep-2023 07:35:56,-48.74,-24.89
22-Sep-2023 07:45:57,-41.40,-22.90
22-Sep-2023 11:05:57,-44.13,-34.42
22-Sep-2023 11:15:57,-41.66,-29.08
22-Sep-2023 11:25:57,-45.28,-28.16
22-Sep-2023 11:35:57,-54.83,-28.70
22-Sep-2023 11:45:57,-66.69,-28.83
22-Sep-2023 12:15:57,-53.52,-26.33
22-Sep-2023 12:25:57,-53.79,-28.13
22-Sep-2023 12:35:57,-56.35,-26.00
22-Sep-2023 12:45:57,-53.44,-24.12
22-Sep-2023 12:55:57,-65.40,-31.51
22-Sep-2023 13:05:57,-51.87,-24.47
22-Sep-2023 13:15:57,-59.29,-28.01
22-Sep-2023 13:25:57,-55.31,-25.58
22-Sep-2023 13:35:57,-50.54,-24.34
22-Sep-2023 13:45:57,-50.82,-23.96
22-Sep-2023 13:55:57,-46.56,-21.94
22-Sep-2023 14:05:57,-53.99,-25.44
22-Sep-2023 14:15:56,-56.13,-26.45
22-Sep-2023 14:25:57,-52.69,-25.36
22-Sep-2023 14:35:57,-53.02,-27.16
22-Sep-2023 14:45:57,-64.11,-28.95
22-Sep-2023 14:55:57,-61.75,-28.51
22-Sep-2023 15:05:57,-59.91,-27.07
22-Sep-2023 15:55:57,-43.65,-26.13
22-Sep-2023 16:05:57,-41.15,-23.29
22-Sep-2023 16:15:57,-44.21,-23.13
22-Sep-2023 16:25:57,-33.33,-17.44
22-Sep-2023 18:35:57,-75.25,-13.45
22-Sep-2023 18:45:57,-69.64,-3.16
22-Sep-2023 18:55:57,-53.61,-9.58
22-Sep-2023 19:05:57,-41.60,-11.01
22-Sep-2023 19:15:57,-65.36,4.05
22-Sep-2023 19:25:57,-75.81,2.19
22-Sep-2023 19:35:57,-79.52,-0.32
22-Sep-2023 19:45:57,-80.55,-8.97
22-Sep-2023 19:55:57,-90.46,-12.34
22-Sep-2023 20:05:57,-86.54,-17.66
22-Sep-2023 20:15:57,-70.37,-28.94
22-Sep-2023 20:25:57,-54.00,-25.40
22-Sep-2023 20:35:57,-39.28,-17.69
22-Sep-2023 20:45:57,-37.47,-16.14
22-Sep-2023 21:45:57,-92.90,-17.36
22-Sep-2023 21:55:56,-85.84,-13.88
22-Sep-2023 22:05:57,-82.82,-19.04
22-Sep-2023 22:15:57,-68.02,-26.05
22-Sep-2023 22:25:57,-52.10,-23.99
22-Sep-2023 22:35:57,-53.97,-2.01
22-Sep-2023 22:45:57,-67.33,0.27
22-Sep-2023 22:55:57,-57.85,-3.57
22-Sep-2023 23:05:57,-54.79,-11.66
22-Sep-2023 23:15:57,-41.57,-14.76
22-Sep-2023 23:25:57,-45.91,-20.70
22-Sep-2023 23:35:57,-52.22,-11.57
22-Sep-2023 23:45:57,-51.37,-14.75
22-Sep-2023 23:55:57,-50.56,-17.95
23-Sep-2023 00:05:57,-53.00,-16.40
23-Sep-2023 00:15:57,-51.95,-17.96
23-Sep-2023 00:25:56,-52.28,-15.47
23-Sep-2023 00:35:57,-52.56,-13.01
23-Sep-2023 00:45:57,-48.91,-12.54
23-Sep-2023 00:55:57,-37.94,-8.25
23-Sep-2023 01:55:57,-61.52,-8.94
23-Sep-2023 02:05:57,-62.03,-11.10
23-Sep-2023 02:35:57,-52.15,-17.55
23-Sep-2023 02:45:57,-49.56,-21.60
23-Sep-2023 02:55:57,-49.07,-26.64
23-Sep-2023 03:05:57,-37.96,-23.54
23-Sep-2023 03:15:57,-42.44,-25.59
23-Sep-2023 03:25:57,-42.82,-25.10
23-Sep-2023 03:35:57,-52.35,-23.62
23-Sep-2023 04:05:57,-53.37,-13.68
23-Sep-2023 04:15:57,-65.11,-5.12
23-Sep-2023 04:25:57,-72.93,-3.02
23-Sep-2023 04:35:57,-74.46,-0.32
23-Sep-2023 04:45:57,-80.57,-2.34
23-Sep-2023 04:55:57,-98.39,-8.55
23-Sep-2023 05:05:56,-84.26,-19.39
23-Sep-2023 05:15:57,-72.76,-18.65
23-Sep-2023 05:25:57,-67.78,-19.17
23-Sep-2023 05:35:57,-70.65,-3.26
23-Sep-2023 05:45:57,-61.25,-3.79
23-Sep-2023 05:55:57,-46.46,-8.30
23-Sep-2023 06:05:57,-45.74,-6.63
23-Sep-2023 06:15:57,-42.85,-7.66
23-Sep-2023 06:25:57,-48.89,-22.51
23-Sep-2023 06:35:57,-52.64,-25.30
23-Sep-2023 06:45:57,-39.40,-21.38
23-Sep-2023 06:55:57,-40.82,-32.33
23-Sep-2023 07:35:57,8.76,-102.44
23-Sep-2023 08:25:57,-45.99,-22.58
23-Sep-2023 08:35:57,-39.85,-22.93
23-Sep-2023 08:45:57,-43.04,-18.55
23-Sep-2023 08:55:57,-46.09,-20.33
23-Sep-2023 09:05:56,-44.40,-20.67
23-Sep-2023 09:15:57,-42.70,-20.95
23-Sep-2023 09:25:57,-34.10,-16.39
23-Sep-2023 09:35:57,-34.50,-15.89
23-Sep-2023 09:45:57,-49.12,-22.13
23-Sep-2023 09:55:57,-40.39,-18.20
23-Sep-2023 10:05:57,-51.06,-25.61
23-Sep-2023 10:15:57,-47.17,-20.81
23-Sep-2023 10:25:57,-50.04,-25.07
23-Sep-2023 10:35:57,-50.08,-27.19
23-Sep-2023 10:45:57,-46.77,-27.96
23-Sep-2023 11:15:57,-74.55,-27.86
23-Sep-2023 11:25:57,-58.33,-22.62
23-Sep-2023 11:35:57,-42.58,-17.12
23-Sep-2023 11:45:57,-51.31,-25.23
23-Sep-2023 11:55:56,-49.41,-23.77
23-Sep-2023 12:05:57,-52.14,-26.13
23-Sep-2023 12:15:57,-52.66,-25.32
23-Sep-2023 12:25:57,-49.48,-23.77
23-Sep-2023 12:35:57,-52.68,-25.33
23-Sep-2023 12:45:57,-48.41,-23.28
23-Sep-2023 12:55:57,-51.35,-25.21
23-Sep-2023 13:05:57,-48.63,-22.90
23-Sep-2023 13:15:57,-49.49,-23.80
23-Sep-2023 13:25:57,-51.88,-24.42
23-Sep-2023 13:35:57,-48.41,-23.27
23-Sep-2023 13:45:57,-46.46,-21.87
23-Sep-2023 13:55:57,-50.52,-24.28
23-Sep-2023 14:05:57,-52.68,-25.33
23-Sep-2023 14:15:57,-53.75,-25.85
23-Sep-2023 14:25:57,-54.80,-26.37
23-Sep-2023 14:35:57,-52.73,-25.35
23-Sep-2023 14:45:57,-50.55,-24.30
23-Sep-2023 14:55:57,-53.78,-25.89
23-Sep-2023 15:05:57,-53.22,-24.49
23-Sep-2023 15:15:57,-53.26,-26.67
23-Sep-2023 15:25:56,-35.80,-20.20
23-Sep-2023 15:35:57,-49.19,-26.43
23-Sep-2023 16:05:57,-45.16,-21.72
23-Sep-2023 16:15:56,-55.48,-25.28
23-Sep-2023 16:25:57,-58.24,-25.09
23-Sep-2023 16:35:57,-78.08,-34.41
23-Sep-2023 16:45:57,-63.56,-27.39
23-Sep-2023 16:55:57,-62.52,-26.95
23-Sep-2023 17:05:57,-53.70,-23.67
23-Sep-2023 17:15:57,-55.12,-25.95
23-Sep-2023 17:25:57,-63.07,-28.40
23-Sep-2023 17:55:56,-46.58,-15.68
23-Sep-2023 18:05:57,-59.24,-21.04
23-Sep-2023 18:15:57,-47.62,-24.37
23-Sep-2023 18:25:57,-51.43,-20.69
23-Sep-2023 18:35:57,-64.83,-27.33
23-Sep-2023 18:45:57,-77.12,-23.17
23-Sep-2023 18:55:57,-88.94,-16.67
23-Sep-2023 19:05:57,-105.76,6.47
23-Sep-2023 19:15:57,-97.68,1.19
23-Sep-2023 19:25:56,-80.71,-3.01
23-Sep-2023 19:35:57,-61.73,-4.85
23-Sep-2023 19:45:57,-48.45,-5.81
23-Sep-2023 20:15:57,-57.73,-30.74
23-Sep-2023 20:25:57,-63.02,-14.51
23-Sep-2023 20:35:57,-68.34,-5.37
23-Sep-2023 20:45:57,-72.11,-2.67
23-Sep-2023 20:55:57,-76.64,13.67
23-Sep-2023 21:05:57,-61.26,-3.80
23-Sep-2023 21:15:57,-58.43,0.70
23-Sep-2023 21:25:57,-74.44,3.35
23-Sep-2023 21:35:57,-92.48,-1.17
23-Sep-2023 21:45:57,-93.00,2.66
23-Sep-2023 21:55:57,-66.22,-10.17
23-Sep-2023 22:05:57,-43.76,-4.88
23-Sep-2023 22:15:57,-54.91,-1.59
23-Sep-2023 22:25:57,-54.79,-13.57
23-Sep-2023 22:35:57,-58.82,-28.90
23-Sep-2023 22:45:57,-55.71,-32.06
23-Sep-2023 22:55:57,-59.81,-26.97
23-Sep-2023 23:05:57,-56.43,-30.66
23-Sep-2023 23:35:57,-65.61,-30.88
23-Sep-2023 23:45:57,-62.45,-28.13
23-Sep-2023 23:55:57,-55.38,-32.47
24-Sep-2023 00:05:57,-68.24,-28.10
24-Sep-2023 00:15:57,-87.24,-31.82
24-Sep-2023 00:25:57,-99.08,-20.69
24-Sep-2023 00:35:56,-101.71,-6.31
24-Sep-2023 00:45:57,-83.24,14.13
24-Sep-2023 00:55:57,-77.84,4.11
24-Sep-2023 01:05:57,-64.95,3.46
24-Sep-2023 01:15:57,-51.12,-0.64
24-Sep-2023 01:25:57,-61.30,-7.36
24-Sep-2023 01:35:57,-64.69,-7.75
24-Sep-2023 01:45:57,-78.21,-2.89
24-Sep-2023 01:55:57,-55.73,-15.99
24-Sep-2023 02:05:57,-56.67,-32.60
24-Sep-2023 02:15:57,-59.33,-35.43
24-Sep-2023 02:25:56,-63.81,-31.97
24-Sep-2023 02:35:57,-59.01,-28.36
24-Sep-2023 02:45:56,-61.66,-28.39
24-Sep-2023 02:55:57,-65.89,-18.04
24-Sep-2023 03:05:57,-62.17,-18.12
24-Sep-2023 03:15:57,-58.21,-27.39
24-Sep-2023 03:25:57,-54.28,-16.31
24-Sep-2023 03:35:57,-66.04,-17.78
24-Sep-2023 03:45:57,-75.39,-17.98
24-Sep-2023 03:55:57,-77.66,7.35
24-Sep-2023 04:05:57,-74.86,5.84
24-Sep-2023 04:15:57,-79.97,6.25
24-Sep-2023 04:45:57,-56.42,-5.59
24-Sep-2023 04:55:57,-53.01,-8.58
24-Sep-2023 05:05:57,-60.46,-6.75
24-Sep-2023 05:15:57,-65.04,-5.10
24-Sep-2023 05:25:57,-73.37,5.12
24-Sep-2023 05:35:57,-69.64,-4.91
24-Sep-2023 05:45:57,-58.74,-15.33
24-Sep-2023 05:55:57,-52.86,-24.90
24-Sep-2023 06:05:56,-54.04,-25.18
24-Sep-2023 06:15:57,-55.23,-25.45
24-Sep-2023 06:25:57,-52.30,-23.57
24-Sep-2023 06:35:57,-56.32,-25.95
24-Sep-2023 06:45:57,-52.56,-25.29
24-Sep-2023 06:55:56,-56.27,-25.94
24-Sep-2023 07:05:57,-54.75,-26.34
24-Sep-2023 07:15:57,-57.65,-28.31
24-Sep-2023 07:25:57,-51.76,-24.37
24-Sep-2023 07:35:57,-50.92,-23.46
24-Sep-2023 07:45:57,-52.00,-23.96
24-Sep-2023 07:55:57,-48.55,-22.85
24-Sep-2023 08:05:56,-53.09,-24.46
24-Sep-2023 08:15:57,-47.48,-22.38
24-Sep-2023 08:25:57,-45.31,-21.34
24-Sep-2023 08:35:57,-45.51,-20.96
24-Sep-2023 08:45:56,-40.49,-19.87
24-Sep-2023 08:55:56,-41.62,-20.42
24-Sep-2023 09:05:57,-44.46,-20.46
24-Sep-2023 09:15:57,-50.70,-23.86
24-Sep-2023 09:25:57,-52.63,-25.32
24-Sep-2023 09:35:57,-46.99,-23.08
24-Sep-2023 09:45:56,-47.43,-22.34
24-Sep-2023 09:55:56,-51.98,-23.99
24-Sep-2023 10:05:57,-52.61,-25.31
24-Sep-2023 10:15:57,-46.79,-23.46
24-Sep-2023 10:25:57,-46.16,-22.24
24-Sep-2023 10:35:57,-46.42,-21.85
24-Sep-2023 10:45:57,-44.28,-20.84
24-Sep-2023 10:55:57,-49.66,-23.40
24-Sep-2023 11:05:56,-41.80,-20.11
24-Sep-2023 11:15:57,-48.84,-24.50
24-Sep-2023 11:25:57,-43.78,-21.50
24-Sep-2023 11:35:57,-49.95,-25.05
24-Sep-2023 11:45:57,-46.77,-23.47
24-Sep-2023 11:55:57,-43.14,-20.33
24-Sep-2023 12:05:57,-45.06,-21.69
24-Sep-2023 12:15:57,-44.83,-22.01
24-Sep-2023 12:25:57,-56.61,-25.51
24-Sep-2023 12:35:56,-40.47,-19.87
24-Sep-2023 12:45:57,-44.01,-21.16
24-Sep-2023 12:55:57,-50.45,-24.25
24-Sep-2023 13:05:57,-47.46,-22.34
24-Sep-2023 13:15:57,-50.71,-23.87
24-Sep-2023 13:55:57,-51.80,-24.37
24-Sep-2023 14:05:57,-41.81,-22.25
24-Sep-2023 14:15:56,-46.16,-22.19
24-Sep-2023 14:25:57,-51.82,-24.38
24-Sep-2023 14:55:57,-48.56,-22.84
24-Sep-2023 15:06:00,-52.84,-24.88
24-Sep-2023 15:16:00,-43.48,-21.80
24-Sep-2023 15:26:00,-44.26,-20.83
24-Sep-2023 15:36:00,-50.68,-23.84
24-Sep-2023 15:45:59,-42.90,-20.62
24-Sep-2023 15:56:00,-48.91,-24.56
24-Sep-2023 16:05:59,-52.38,-25.76
24-Sep-2023 16:15:59,-49.43,-23.76
24-Sep-2023 16:25:59,-43.96,-21.17
24-Sep-2023 16:36:00,-48.65,-24.88
24-Sep-2023 16:45:59,-51.50,-24.80
24-Sep-2023 16:56:00,-49.95,-25.04
24-Sep-2023 17:05:59,-48.30,-23.23
24-Sep-2023 17:16:00,-51.26,-25.20
24-Sep-2023 17:26:00,-48.06,-23.63
24-Sep-2023 17:35:59,-51.51,-24.82
24-Sep-2023 17:46:00,-52.62,-25.33
24-Sep-2023 17:56:00,-33.33,-19.22
24-Sep-2023 18:06:00,-52.08,-26.16
24-Sep-2023 18:16:00,-66.24,-32.23
24-Sep-2023 18:26:00,-54.98,-25.90
24-Sep-2023 18:36:00,-63.20,-20.76
24-Sep-2023 18:46:00,-72.92,-20.66
24-Sep-2023 18:56:00,-86.80,-11.13
24-Sep-2023 19:06:00,-81.11,-3.07
24-Sep-2023 19:16:00,-81.53,-4.39
24-Sep-2023 19:26:00,-81.94,-5.77
24-Sep-2023 19:36:00,-72.64,-1.55
24-Sep-2023 19:46:00,-71.89,-20.35
24-Sep-2023 19:56:00,-78.18,-2.96
24-Sep-2023 20:06:00,-54.05,-6.96
24-Sep-2023 20:16:00,-65.93,-3.58
24-Sep-2023 20:26:00,-58.12,-12.42
24-Sep-2023 20:36:00,-50.82,-19.52
24-Sep-2023 20:46:00,-49.87,-16.84
24-Sep-2023 20:55:59,-51.19,-23.10
24-Sep-2023 21:46:00,-84.28,-26.87
24-Sep-2023 22:16:00,-104.57,18.64
24-Sep-2023 22:26:00,-104.36,7.26
24-Sep-2023 22:36:00,-114.77,-0.50
24-Sep-2023 23:06:00,-64.99,-5.11
24-Sep-2023 23:16:00,-69.90,-2.60
24-Sep-2023 23:26:00,-42.51,-1.23
24-Sep-2023 23:36:00,-57.61,-7.42
24-Sep-2023 23:46:00,-75.40,-15.40
25-Sep-2023 00:16:00,-70.33,-3.79
25-Sep-2023 01:06:00,-52.84,-22.78
25-Sep-2023 01:16:00,-50.90,-21.44
25-Sep-2023 01:26:00,-50.64,-21.83
25-Sep-2023 01:36:00,-49.34,-21.76
25-Sep-2023 01:46:00,-48.84,-22.52
25-Sep-2023 01:56:00,-48.61,-22.88
25-Sep-2023 02:06:00,-56.59,-25.52
25-Sep-2023 02:16:00,-64.68,-27.58
25-Sep-2023 02:46:00,-76.00,-5.33
25-Sep-2023 04:26:00,-48.13,-23.62
25-Sep-2023 04:36:00,-49.18,-24.13
25-Sep-2023 04:46:00,-48.95,-24.52
25-Sep-2023 04:55:59,-49.21,-24.14
25-Sep-2023 05:06:00,-53.37,-24.04
25-Sep-2023 05:16:00,-56.40,-23.48
25-Sep-2023 05:26:00,-37.33,-14.30
25-Sep-2023 06:46:00,-58.41,-26.92
25-Sep-2023 06:56:00,-57.14,-26.88
25-Sep-2023 07:06:00,-56.04,-26.38
25-Sep-2023 07:16:00,-59.84,-26.96
25-Sep-2023 07:26:00,-56.11,-26.41
25-Sep-2023 07:35:59,-56.10,-26.39
25-Sep-2023 07:46:00,-55.04,-25.91
25-Sep-2023 07:55:59,-56.06,-26.41
25-Sep-2023 08:06:00,-58.47,-26.96
25-Sep-2023 08:15:59,-55.85,-26.86
25-Sep-2023 08:26:00,-56.11,-26.42
25-Sep-2023 08:36:00,-54.00,-25.42
25-Sep-2023 08:45:59,-56.12,-26.42
25-Sep-2023 08:56:00,-54.82,-26.36
25-Sep-2023 09:06:00,-55.97,-26.93
25-Sep-2023 09:15:59,-56.43,-26.01
25-Sep-2023 09:26:00,-54.09,-25.47
25-Sep-2023 09:36:00,-59.67,-27.51
25-Sep-2023 09:46:00,-57.83,-30.84
25-Sep-2023 09:56:00,-64.67,-29.19
25-Sep-2023 10:56:00,-56.18,-28.78
25-Sep-2023 11:05:59,-54.85,-26.41
25-Sep-2023 11:16:00,-55.92,-26.90
25-Sep-2023 11:26:00,-54.32,-27.23
25-Sep-2023 11:36:00,-55.92,-26.90
25-Sep-2023 11:46:00,-55.67,-27.33
25-Sep-2023 11:56:00,-56.73,-27.87
25-Sep-2023 12:06:00,-54.33,-27.25
25-Sep-2023 12:16:00,-55.64,-27.33
25-Sep-2023 12:26:00,-54.30,-27.21
25-Sep-2023 12:36:00,-56.70,-27.84
25-Sep-2023 12:46:00,-54.83,-26.37
25-Sep-2023 12:56:00,-54.63,-26.81
25-Sep-2023 13:06:00,-55.87,-26.86
25-Sep-2023 13:15:59,-55.87,-26.87
25-Sep-2023 13:25:59,-54.82,-26.34
25-Sep-2023 13:36:00,-68.37,-36.38
25-Sep-2023 13:45:59,-48.95,-29.24
25-Sep-2023 14:16:00,-43.79,-17.64
25-Sep-2023 14:26:00,-33.80,-16.96
25-Sep-2023 14:36:00,-53.02,-27.17
25-Sep-2023 14:46:00,-51.97,-26.61
25-Sep-2023 14:56:00,-49.70,-30.31
25-Sep-2023 15:06:00,-45.16,-37.69
25-Sep-2023 15:15:59,-53.02,-27.20
25-Sep-2023 15:26:00,-53.02,-27.19
25-Sep-2023 15:36:00,-50.90,-26.10
25-Sep-2023 15:45:59,-53.30,-26.78
25-Sep-2023 15:56:00,-53.28,-26.78
25-Sep-2023 16:06:00,-50.41,-26.92
25-Sep-2023 16:16:00,-52.03,-26.71
25-Sep-2023 16:26:00,-54.08,-27.76
25-Sep-2023 16:35:59,-52.25,-28.43
25-Sep-2023 16:46:00,-52.97,-27.18
25-Sep-2023 16:56:00,-54.59,-26.86
25-Sep-2023 17:05:59,-52.69,-20.99
25-Sep-2023 17:16:00,-55.16,-17.12
25-Sep-2023 17:25:59,-49.02,-14.32
25-Sep-2023 17:36:00,-43.87,-15.60
25-Sep-2023 17:46:00,-68.28,-28.20
25-Sep-2023 17:56:00,-82.95,-31.05
25-Sep-2023 18:06:00,-87.96,-8.39
25-Sep-2023 18:16:00,-74.21,4.55
25-Sep-2023 18:25:59,-67.76,-0.86
25-Sep-2023 19:16:00,-49.81,-19.10
25-Sep-2023 19:45:59,-68.80,-28.34
25-Sep-2023 19:56:00,-58.78,-26.48
25-Sep-2023 20:06:00,-52.99,-27.09
25-Sep-2023 20:16:00,-54.02,-27.61
25-Sep-2023 20:26:00,-48.69,-34.18
25-Sep-2023 20:36:00,-53.78,-25.82
25-Sep-2023 20:46:00,-53.68,-23.63
25-Sep-2023 20:55:59,-57.73,-30.73
25-Sep-2023 21:06:00,-59.02,-23.73
25-Sep-2023 21:36:00,-78.97,-10.11
25-Sep-2023 21:46:00,-74.99,-8.37
25-Sep-2023 21:56:00,-70.91,-6.75
25-Sep-2023 22:06:00,-57.57,-10.28
25-Sep-2023 22:16:00,-49.87,-3.89
25-Sep-2023 22:26:00,-53.07,-12.20
25-Sep-2023 23:16:00,-50.50,-24.25
25-Sep-2023 23:26:00,-53.49,-26.23
25-Sep-2023 23:36:00,-56.40,-28.25
25-Sep-2023 23:45:59,-56.16,-26.41
25-Sep-2023 23:55:59,-56.36,-25.93
26-Sep-2023 00:25:59,-56.90,-25.06
26-Sep-2023 00:35:59,-59.02,-25.99
26-Sep-2023 00:45:59,-62.18,-27.37
26-Sep-2023 00:55:59,-56.30,-23.70
26-Sep-2023 01:05:59,-38.73,-16.30
26-Sep-2023 01:15:59,-37.26,-12.53
26-Sep-2023 01:25:59,-42.30,-6.48
26-Sep-2023 01:35:59,-46.18,-5.13
26-Sep-2023 01:45:59,-50.46,-3.10
26-Sep-2023 01:55:59,-51.89,-1.27
26-Sep-2023 02:05:59,-53.39,0.67
26-Sep-2023 02:15:59,-81.01,-5.66
26-Sep-2023 02:25:59,-73.33,-6.33
26-Sep-2023 02:35:59,-96.68,8.37
26-Sep-2023 02:45:59,-92.80,11.11
26-Sep-2023 03:15:59,-49.36,-17.51
26-Sep-2023 03:25:59,-53.07,-22.34
26-Sep-2023 03:35:59,-61.12,-29.34
26-Sep-2023 03:45:59,-54.68,-26.24
26-Sep-2023 03:55:59,-56.82,-26.16
26-Sep-2023 04:05:59,-58.20,-27.36
26-Sep-2023 04:15:59,-57.14,-26.88
26-Sep-2023 04:25:59,-53.08,-24.45
26-Sep-2023 04:35:59,-49.34,-23.71
26-Sep-2023 04:45:59,-56.01,-26.35
26-Sep-2023 04:55:59,-52.35,-17.15
26-Sep-2023 05:05:59,-49.48,-9.68
26-Sep-2023 05:15:59,-46.34,-3.23
26-Sep-2023 05:25:59,-52.49,-0.42
26-Sep-2023 06:35:59,-55.55,-27.24
26-Sep-2023 06:45:59,-55.05,-28.13
26-Sep-2023 06:55:59,-51.43,-29.58
26-Sep-2023 07:05:59,-53.95,-27.59
26-Sep-2023 07:15:59,-40.29,-18.16
26-Sep-2023 07:25:59,-58.42,-26.90
26-Sep-2023 07:35:59,-58.71,-26.45
26-Sep-2023 07:45:59,-60.02,-26.45
26-Sep-2023 07:55:59,-58.50,-26.94
26-Sep-2023 08:05:59,-58.50,-26.95
26-Sep-2023 08:15:59,-55.08,-25.93
26-Sep-2023 08:25:59,-58.27,-29.80
26-Sep-2023 08:35:58,-58.01,-25.58
26-Sep-2023 08:45:59,-59.60,-27.47
26-Sep-2023 08:55:59,-58.03,-27.92
26-Sep-2023 09:05:58,-58.01,-25.58
26-Sep-2023 09:15:58,-61.43,-26.51
26-Sep-2023 09:25:59,-61.15,-27.01
26-Sep-2023 09:35:59,-57.46,-26.53
26-Sep-2023 09:45:59,-60.37,-28.47
26-Sep-2023 09:55:59,-53.46,-24.16
26-Sep-2023 10:05:59,-52.45,-25.80
26-Sep-2023 10:15:59,-45.08,-24.05
26-Sep-2023 10:25:59,-54.86,-28.68
26-Sep-2023 10:35:59,-62.25,-32.55
26-Sep-2023 10:45:59,-57.72,-28.42
26-Sep-2023 10:55:58,-50.57,-24.39
26-Sep-2023 11:05:58,-49.25,-24.25
26-Sep-2023 11:15:58,-55.58,-27.39
26-Sep-2023 11:25:59,-56.93,-27.45
26-Sep-2023 11:35:59,-50.29,-24.75
26-Sep-2023 11:45:59,-49.46,-23.86
26-Sep-2023 11:55:59,-59.08,-28.50
26-Sep-2023 12:05:59,-47.04,-23.20
26-Sep-2023 12:15:59,-55.95,-27.01
26-Sep-2023 12:25:59,-49.25,-24.29
26-Sep-2023 12:35:59,-50.26,-24.79
26-Sep-2023 12:45:59,-50.35,-24.80
26-Sep-2023 12:55:59,-44.94,-22.14
26-Sep-2023 13:05:58,-50.54,-24.37
26-Sep-2023 13:15:59,-60.36,-28.52
26-Sep-2023 13:25:59,-47.30,-22.86
26-Sep-2023 13:35:59,-51.37,-25.31
26-Sep-2023 13:45:59,-60.90,-29.99
26-Sep-2023 13:55:59,-45.63,-25.33
26-Sep-2023 14:25:58,-45.27,-23.69
26-Sep-2023 14:36:03,-45.76,-23.00
26-Sep-2023 14:45:59,-57.89,-19.06
26-Sep-2023 14:55:58,-46.36,-24.26
26-Sep-2023 15:05:59,-54.79,-26.40
26-Sep-2023 15:15:59,-51.36,-25.31
26-Sep-2023 15:25:59,-50.58,-24.39
26-Sep-2023 15:35:59,-49.46,-23.85
26-Sep-2023 15:45:58,-49.46,-23.85
26-Sep-2023 15:55:59,-47.56,-22.45
26-Sep-2023 16:05:59,-46.23,-22.31
26-Sep-2023 16:15:58,-49.22,-24.22
26-Sep-2023 16:25:59,-47.07,-23.19
26-Sep-2023 16:35:58,-48.15,-23.69
26-Sep-2023 16:45:59,-47.31,-22.82
26-Sep-2023 16:55:59,-49.44,-23.86
26-Sep-2023 17:05:58,-48.61,-22.97
26-Sep-2023 17:15:59,-49.46,-23.86
26-Sep-2023 17:25:59,-45.91,-16.78
26-Sep-2023 17:35:58,-47.76,-16.13
,,
,,
,,
,,
,,
,,
